Workbook
Name InfIndividual: NOTAS!$GD$118
Name informeAnual: NOTAS!$DN$6
Name INFORMEMEJORAMIENTO: NOTAS!$EF$4
Name INFORMESUPLETORIO: NOTAS!$EZ$4
Name primerPprimerQ: NOTAS!$D$6
Name primerQ: NOTAS!$CI$6
Name segundoPprimerQ: NOTAS!$AC$6
Name tercerPprimerQ: NOTAS!$BH$6
Name UNIDAD_EDUCATIVA: NOTAS!$D$4

Sheet TRI-1
B1: UNIDAD EDUCATIVA " "
B3: INFORME DEL PRIMER TRIMESTRE DE APRENDIZAJE
FC4: S
FC5: F
B6: 1 | C6: GRADO O CURSO: | D6: =NOTAS!B14 -> INICIAL II | O6: 3 | P6: AÑO LECTIVO: | Q6: =NOTAS!B18 -> 2025-2026 MATUTINA | FC6: O
B7: 2 | C7: DOCENTE: | D7: =NOTAS!B24 -> CUZCO GUERRERO JENNY DEL PILAR | O7: 4 | P7: FECHA: | Q7: =TODAY() -> 45994 | FC7: N
B10: Nº | C10: NÓMINA | G10: IDENTIDAD Y AUTONOMÍA | Z10: CONVIVENCIA | AP10: RELACIONES CON EL MEDIO NATURAL Y CULTURAL | BK10: RELACIONES LOGICAS MATEMATICAS | CH10: COMPRENSIÓN Y EXPRESION DEL LENGUAJE | DD10: EXPRESIÓN ARTISTICA | DP10: EXPRESION CORPORAL Y MOTRICIDAD | ES10: PROMEDIO GENERAL | ET10: CÍVICA Y ACOMPAÑAMIENTO INTEGRAL EN EL AULA | FC10: PROMEDIO FINAL CIVICA Y ACOMPAÑMIENTO INTEGRAL EN EL AULA | FE10: I TRIMESTRE
Y11: PROMEDIO | AO11: PROMEDIO | BJ11: PROMEDIO | CG11: PROMEDIO | DC11: PROMEDIO
G13: Comunicar algunos datos de su identidad como: nombres completos, edad, nombres de familiares cercanos, lugar dónde vive. | H13: Demostrar curiosidad por las características físicas (genitales) que le permiten reconocerse como niño y niña | I13: Identificar la importancia de usar el cinturón de seguridad para promover el autocuidado y la protección personal. | J13: Identificar las situaciones de peligro a las que se puede exponer en su entorno inmediato y seguir pautas de comportamiento para evitarlas. | K13: Identificar sus características físicas y las de las personas de su entorno como parte del proceso de aceptación de sí mismo y de respeto a los demás. | L13: Identificar y manifestar sus emociones y sentimientos, expresando las causas de los mismos mediante el lenguaje verbal. (D.EIB.10.3.) | M13: Identificarse como miembro de una familia reconociéndose como parte importante de la misma. | N13: Practicar con autonomía hábitos de higiene personal como lavarse las manos, los dientes y la cara. | O13: Practicar hábitos de orden ubicando los objetos en el lugar correspondiente. | P13: Practicar las acciones a seguir en situaciones de riesgo como: temblores, incendios, entre otros, determinadas en el plan de contingencia institucional. | Q13: Practicar normas de seguridad para evitar accidentes a los que se puede exponer en su entorno inmediato. | R13: Realiza independientemente normas de aseo al ir al baño. | S13: Reconocer la importancia del uso del casco y demás indumentaria de pro tección para protegerse de lesiones en actividades que requieran su uso | T13: Reconocer situaciones problémicas en las actividades escolares para solucionarlas de forma creativa y con autonomía. | U13: Seleccionar las prendas de vestir de acuerdo al estado climático (prendas para el frío / prendas para el calor). | V13: Tomar decisiones con respecto a la elección de actividades, vestuario entre otros, en función de sus gustos y preferencias, argumentando las mismas. | W13: Utilizar la cuchara, tenedor y el vaso cuando se alimenta de manera autónoma. | X13: Vestirse y desvestirse de manera independiente con prendas de vestir sencillas. (D.EIB.10.5) | Z13: Apoyar y motivar a otras personas a participar en actividades grupales, particularmente a quienes muestran dificultades al hacerlo | AA13: Asumir y respetar normas de convivencia en la institución de educación inicial y en el hogar acordadas con el adulto. (D.EIB.10.15.) | AB13: Colaborar en actividades que se desarrollan con otros niños y adultos de su entorno. | AC13: Demostrar actitudes de solidaridad ante situaciones de necesidad de sus compañeros y adultos de su entorno | AD13: Demostrar cortesía y respeto hacia los actores viales (peatones, conductores, motociclistas, ciclistas, personas con discapacidad, movilidad reducida, grupos vulnerables, pasajeros, agentes y policías de tránsito) a través de actividades lúdicas que promuevan comportamientos adecuados en situaciones de tránsito | AE13: Demostrar preferencia de jugar la mayor parte del tiempo con un amigo estableciendo niveles de empatías más estables. | AF13: Demostrar sensibilidad ante deseos, emociones y sentimientos de otras personas. | AG13: Desarrollar la capacidad de esperar para obtener una recompensa mayor en el futuro. | AH13: Identificar instituciones y profesiones que brindan servicios a la comunidad y los roles que ellos cumplen. | AI13: Identificar las profesiones, oficios y ocupaciones que cumplen los miembros de su familia. | AJ13: Incrementar su campo de interrelación con otras personas a más del grupo familiar y escolar interactuando con mayor facilidad. | AK13: Observar las expresiones faciales y comportamientos de otros niños y niñas en actividades lúdicas para identificar sus emociones, guiar sus propias acciones y fomentar un ambiente de convivencia armónica | AL13: Participar juegos grupales siguiendo las reglas y asumiendo roles que le permitan mantener un ambiente armónico con sus pares. (D.EIB.10.11.) | AM13: Practicar la costumbre de ahorrar para ocasiones y casos especiales | AN13: Respetar las diferencias individuales que existe entre sus compañeros como: género, diversidad cultural, necesidades especiales, estructura familiar, entre otros. | AP13: Comunicar de manera asertiva sus preferencias o desacuerdos al interactuar con sus pares reconociendo cómo sus expresiones o acciones influyen en las otras personas. | AQ13: Construir conexiones emocionales con su contexto natural (plantas, animales, agua, tierra, aire) y social. | AR13: dentificar en las actividades diarias oportunidades para aprovechar los recursos y reducir los residuos para proteger el entorno natural | AS13: Diferenciar entre alimentos nutritivos y no nutritivos identificando los beneficios de una alimentación sana y saludable. | AT13: Diferenciar entre lo que le pertenece, lo que pertenece a los demás y lo que pertenece al grupo o comunidad. | AU13: Diferenciar los seres vivos y elementos no vivos de su entorno explorando su mundo natural. | AV13: Establecer comparaciones entre los elementos del entorno a través de la discriminación sensorial. | AW13: Explorar e identificar los diferentes elementos y fenómenos del entorno natural mediante procesos que propicien la indagación. | AX13: Identificar características de las plantas por su utilidad, estableciendo diferencias entre ellas. | AY13: Identificar las características de los animales domésticos y silvestres estableciendo las diferencias entre ellos. | AZ13: Identificar las características del mar y reconocerlo como una parte integral del territorio nacional | BA13: Identificar prácticas socioculturales de su localidad demostrando curiosidad ante sus tradiciones. | BB13: Observar el proceso del ciclo vital de las plantas mediante actividades de experimentación. | BC13: Participar en actividades lúdicas para identificar prácticas de movilidad que ayudan a cuidar el planeta | BD13: Participar en algunas prácticas tradicionales de su entorno disfrutando y respetando las diferentes manifestaciones culturales | BE13: Practicar hábitos de cuidado y conservación del medio ambiente que eviten la contaminación del aire, suelo y agua. (D.EIB.10.19.) | BF13: Realizar acciones de cuidado y protección de plantas y animales de su entorno erradicando actitudes de maltrato. | BG13: Reconocer cómo las personas utilizan el dinero en su entorno familiar para satisfacer sus necesidades y deseos | BH13: Reconocer las consecuencias de no cuidar sus pertenencias. | BI13: Reconocer los medios de transporte sostenibles, como: bicicleta, scooters, patinetes, transporte público, tranvías, metros y, caminar; por medio de actividades lúdicas | BK13: Asociar las formas de los objetos del entorno con figuras geométricas bidimensionales | BL13: Clasificar objetos con dos atributos (tamaño, color o forma). | BM13: Comparar y armar colecciones de más, igual y menos objetos. | BN13: Comparar y ordenar secuencialmente un conjunto pequeño de objetos de acuerdo con su tamaño. | BO13: Comprender la relación de número-cantidad hasta el 10. | BP13: Comprender la relación del numeral (representación simbólica del número) con la cantidad hasta el 5. | BQ13: Contar oralmente del 1 al 15 con secuencia numérica. | BR13: Continuar y reproducir patrones simples con objetos concretos y representaciones gráficas. | BS13: Establecer la relación de correspondencia entre los elementos de colecciones de objetos. | BT13: Identificar características de mañana, tarde y noche | BU13: Identificar en los objetos las nociones de medida: largo/ corto, grueso/delgado. | BV13: Identificar figuras geométricas básicas: círculo, cuadrado y triángulo en objetos del entorno y en representaciones gráficas. | BW13: Identificar la diferencia entre lo que se desea y lo que se necesita | BX13: Identificar las nociones de tiempo en acciones que siceden antes, ahora y después | BY13: Identificar los números de emergencia a través de actividades lúdicas, y reconocer cuándo pedir ayuda en situaciones sencillas. | BZ13: Identificar semejanzas y diferencias en objetos del entorno con criterios de forma, color y tamaño | CA13: Ordenar en secuencias lógica sucesos de hasta cinco eventos en representaciones gráficas de sus actividades de la rutina diaria y en escenas de cuentos | CB13: Reconocer billetes y monedas en situaciones de la vida real | CC13: Reconocer la ubicación de objetos en relación a sí mismo y diferentes puntos de referencia según las nociones espaciales de: entre, adelante/atrás, junto a, cerca/lejos | CD13: Reconocer los colores secundarios en objetos e imágenes del entorno. | CE13: Reconocer y comparar características personales (estatura, edad, u atributos físicos) al establecer relaciones básicas de tamaño y cantidad en actividades escolares. | CF13: Relacionar las distintas formas de adquirir dinero con el trabajo y el esfuerzo. | CH13: Asociar la imagen de la portada con el título de los cuentos conocidos. | CI13: Colaborar en la creación de textos colectivos con la ayuda del docente. | CJ13: Comprender el derecho propio y de las otras personas a decir que no como una respuesta válida y respetable. | CK13: Comunicarse a través de dibujos de objetos con detalles que lo vuelven identificables, como representación simbólica de sus ideas. | CL13: Comunicarse incorporando palabras nuevas a su vocabulario en función de los ambientes y experiencias en las que interactúa. | CM13: Contar un cuento en base a sus imágenes a partir de la portada y siguiendo la secuencia de las páginas. | CN13: Describir oralmente imágenes gráficas (pictogramas) y digitales, estructurando oraciones más elaboradas que describan a los objetos que observa. | CO13: Describir oralmente imágenes relacionadas con los derechos de las personas en situación de movilidad | CP13: Expresarse oralmente pronunciando correctamente la mayoría de las palabras puede presentarse dificultades en la pronunciación de s, y la r. | CQ13: Expresarse utilizando oraciones cortas y completas manteniendo el orden de las palabras. | CR13: Identificar “auditivamente” el fonema (sonido) inicial de las palabras más utilizadas. | CS13: Identificar una persona adulta de confianza para solicitar apoyo al enfrentar desafíos emocionales en situaciones cotidianas del entorno escolar | CT13: Participar en conversaciones más complejas y largas manteniéndose dentro del tema. | CU13: Producir palabras que riman espontáneamente tomado en cuenta los sonidos finales de las mismas. | CV13: Realizar modificaciones del contenido de un cuento relatado por el adulto, cambiando partes del él como: acciones y final. | CW13: Realizar movimientos articulatorios complejos: movimientos de los labios juntos de izquierda a derecha, hacia adelante, movimiento de las mandíbulas a los lados, inflar las mejillas y movimiento de lengua de mayor dificultad | CX13: Reconocer etiquetas y rótulos de su entorno inmediato y los “lee”. | CY13: Relatar cuentos, narrados por el adulto, manteniendo la secuencia, sin la ayuda del paratexto. | CZ13: Reproducir trabalenguas sencillos, adivinanzas, canciones y poemas cortos, mejorando su pronunciación y potenciando su capacidad imaginativa. | DA13: Responder preguntas sobre un texto narrado por el adulto, relacionadas a los personajes y acciones principales. | DB13: Seguir instrucciones sencillas que involucren la ejecución de tres o más actividades | DD13: Cantar canciones siguiendo el ritmo y coordinando con las expresiones de su cuerpo. | DE13: Comunicar de manera escrita sus ideas intentando imitar letras o formas parecidas a letras. | DF13: Ejecutar patrones de más de dos ritmos con partes del cuerpo y elementos o instrumentos sonoros. | DG13: Expresar emociones utilizando materiales artísticos para reflejar su estado emocional para autocuidarse canalizando sentimientos de alegría, tristeza o frustración, sin asociar roles o conductas a expectativas de género | DH13: Expresar su opinión al observar una obra artística relacionada a la plástica o a la escultura. | DI13: Expresar sus vivencias y experiencias a través del dibujo libre. | DJ13: Mantener el ritmo y las secuencias de pasos sencillos durante la ejecución de coreografías. | DK13: Participar en dramatizaciones y actividades lúdicas que representen situaciones cotidianas en la vía para identificar y respetar las señales de tránsito básicas (como semáforos, señales de pare y cruces peatonales), promoviendo un comportamiento seguro y ordenado. | DL13: Participar en dramatizaciones, asumiendo roles de diferentes personas del entorno y de personajes de cuentos e historietas. | DM13: Participar en rondas populares, bailes y juegos tradicionales, asumiendo los roles y respetando las reglas. | DN13: Realizar actividades creativas utilizando las técnicas grafo plásticas con variedad de materiales. | DO13: PROMEDIO | DP13: Caminar y correr con soltura y seguridad manteniendo el equilibrio a diferentes distancias, orientaciones y ritmos en espacios parciales. | DQ13: Caminar, correr y saltar de un lugar a otro coordinadamente combinando estas formas de desplazamiento, a velocidades diferentes y en superficies planas e inclinadas con obstáculos. | DR13: Discriminar sonidos onomatopéyicos y diferencia los sonidos naturales de los artificiales | DS13: Ejecutar actividades coordinadamente y con un control adecuado de fuerza y tonicidad muscular como: lanzar, atrapar y patear objetos y pelotas. | DT13: Emplear su lado dominante en la realización de la mayoría de las actividades que utilice la mano, ojo y pie. | DU13: Galopar y salticar coordinadamente con obstáculos ejecutando circuitos. | DV13: Identificar en su cuerpo y en el de los demás partes y articulaciones del cuerpo humano, así como partes finas de la cara, a través de la exploración sensorial. | DW13: Mantener el equilibro al caminar sobre líneas rectas, curvas y quebradas con altura (aprox. 20 cm) logrando un adecuado control postural. | DX13: Mantener un adecuado control postural en diferentes posiciones del cuerpo y en desplazamientos. | DY13: Orientarse en el espacio realizando desplazamientos en función de consignas dadas con las nociones: entre, adelante-atrás, junto a, cerca-lejos | DZ13: Realiza varios movimientos y desplazamientos combinados a diferentes velocidades (rápido, lento), duración (largos y corto). | EA13: Realizar actividades de coordinación visomotriz con niveles de dificultad creciente en el tamaño y tipo de materiales. | EB13: Realizar desplazamientos y movimientos combinados utilizando el espacio total y parcial a diferentes distancias (largas-cortas) | EC13: Realizar ejercicios de equilibrio estático y dinámico, controlando los movimientos de las partes gruesas del cuerpo y estructurando motricidad facial y gestual según la consigna incrementando el lapso de tiempo. | ED13: Realizar ejercicios de simetría corporal como: identificar en el espejo y otros materiales las partes semejantes que conforman el lado derecho e izquierdo del cuerpo. | EE13: Realizar ejercicios que involucran movimientos segmentados de partes gruesas y finas del cuerpo (cuello, hombro, codo, muñeca, dedos, cadera, rodilla, tobillo, pie). | EF13: Realizar movimientos diferenciados con los lados laterales del cuerpo (un lado y otro lado). | EG13: Realizar movimientos para la coordinación de ojo y pie como: patear pelotas hacia un punto fijo determinado. | EH13: Realizar representaciones gráficas utilizando el dibujo con detalles que le dan intencionalidad y sentido para identificarlos | EI13: Reconocer la importancia del peatón y respetar su espacio en la vía mediante actividades lúdicas que fomenten el aprendizaje de normas de tránsito. | EJ13: Representar la figura humana utilizando el monigote e incorporando detalles según la interiorización de su imagen corporal. | EK13: Saltar de un pie a otro alternadamente, de manera autónoma. | EL13: Saltar en dos pies en sentido vertical obstáculos de 20 a 30 cm en altura y en sentido horizontal longitudes de aproximadamente 50 a 70 cm. | EM13: Subir y bajar escaleras alternando los pies. | EN13: Trepar y reptar a diferentes ritmos y en posiciones corporales diversas (cúbito ventral y cúbito dorsal). | EO13: Ubicar algunas partes de su cuerpo en función de las nociones de al lado, junto a, cerca-lejos. | EP13: Utilizar el espacio parcial e inicia con el uso del espacio total para realizar representaciones gráficas. | EQ13: Utilizar la pinza digital para coger lápices, marcadores, pinceles y diversos tipos de materiales. | ER13: PROMEDIO | ET13: AUTOCONOCIMIENTO | EU13: PENSAMIENO CRITICO | EV13: MANEJO DE PROBLEMAS | EW13: TOMA DE DECISIONES | EX13: TRABAJO EN EQUIPO | EY13: CONCIENCIA SOCIAL | EZ13: RELACIONES INTERPERSONALES | FA13: MANEJO DE CONFLICTOS | FB13: MANEJO DE EMOCIONES Y SENTIMIENTOS | FE13: COMPORTAMENTAL | FF13: HORAS JUSTIFICADAS | FG13: HORAS INJUSTIFICADAS | FH13: ATRASOS
XCT17: NUMAT | XCU17: NL | XCV17: APELLIDO | XCW17: CODFC | XCX17: CODMAT
B18: 1 | C18: =IF(NOTAS!E21>"",NOTAS!E21,"") -> ALARCON GARCIA LIAM KAEL | G18: 9 | H18: 10 | I18: 7 | J18: 7 | K18: 10 | L18: 10 | M18: 10 | N18: 10 | O18: 7 | P18: 10 | Q18: 10 | R18: 10 | S18: 8 | T18: 7 | U18: 10 | V18: 10 | W18: 10 | X18: 8 | Y18: =IFERROR(INT(FIXED(TRUNC(AVERAGE(G18:X18),2),0)),"") -> 9 | Z18: 7 | AA18: 7 | AB18: 7 | AC18: 7 | AD18: 7 | AE18: 7 | AF18: 7 | AG18: 7 | AH18: 7 | AI18: 7 | AJ18: 7 | AK18: 7 | AL18: 7 | AM18: 7 | AN18: 7 | AO18: =IFERROR(INT(FIXED(TRUNC(AVERAGE(Z18:AN18),2),0)),"") -> 7 | AP18: 7 | AQ18: 7 | AR18: 7 | AS18: 7 | AT18: 7 | AU18: 7 | AV18: 7 | AW18: 7 | AX18: 7 | AY18: 7 | AZ18: 7 | BA18: 7 | BB18: 7 | BC18: 7 | BD18: 7 | BE18: 7 | BF18: 7 | BG18: 7 | BH18: 7 | BI18: 7 | BJ18: =IFERROR(INT(FIXED(TRUNC(AVERAGE(AP18:BI18),2),0)),"") -> 7 | BK18: 7 | BL18: 8 | BM18: 8 | BN18: 8 | BO18: 8 | BP18: 8 | BQ18: 8 | BR18: 8 | BS18: 8 | BT18: 8 | BU18: 8 | BV18: 8 | BW18: 8 | BX18: 8 | BY18: 8 | BZ18: 8 | CA18: 8 | CB18: 8 | CC18: 8 | CD18: 8 | CE18: 8 | CF18: 8 | CG18: =IFERROR(INT(FIXED(TRUNC(AVERAGE(BK18:CF18),2),0)),"") -> 8 | CH18: 7 | CI18: 7 | CJ18: 7 | CK18: 7 | CL18: 7 | CM18: 7 | CN18: 7 | CO18: 7 | CP18: 7 | CQ18: 7 | CR18: 7 | CS18: 7 | CT18: 7 | CU18: 7 | CV18: 7 | CW18: 7 | CX18: 7 | CY18: 7 | CZ18: 7 | DA18: 7 | DB18: 7 | DC18: =IFERROR(INT(FIXED(TRUNC(AVERAGE(CH18:DB18),2),0)),"") -> 7 | DD18: 7 | DE18: 7 | DF18: 7 | DG18: 7 | DH18: 7 | DI18: 7 | DJ18: 7 | DK18: 7 | DL18: 7 | DM18: 7 | DN18: 7 | DO18: =IFERROR(INT(FIXED(TRUNC(AVERAGE(DD18:DN18),2),0)),"") -> 7 | DP18: 8 | DQ18: 8 | DR18: 8 | DS18: 8 | DT18: 8 | DU18: 8 | DV18: 8 | DW18: 8 | DX18: 8 | DY18: 8 | DZ18: 8 | EA18: 8 | EB18: 8 | EC18: 8 | ED18: 8 | EE18: 8 | EF18: 8 | EG18: 8 | EH18: 8 | EI18: 8 | EJ18: 8 | EK18: 8 | EL18: 8 | EM18: 8 | EN18: 8 | EO18: 8 | EP18: 8 | EQ18: 8 | ER18: =IFERROR(INT(FIXED(TRUNC(AVERAGE(DP18:EQ18),2),0)),"") -> 8 | ES18: =IF(OR(Y18="",AO18="",BJ18="",CG18="",DC18="",DO18=""),"",IFERROR(AVERAGE(Y18,AO18,BJ18,CG18,DC18,DO18),"")) -> 7.5 | ET18: S | EU18: S | EV18: S | EW18: S | EX18: S | EY18: F | EZ18: S | FA18: F | FB18: S | FC18: =IF(OR(ET18="",EU18="",EV18="",EW18="",EX18="",EY18="",EZ18="",FA18="",FB18=""),"",IF(FD18>=35,"A+",IF(FD18>=33,"A-",IF(FD18>=30,"B+",IF(FD18>=27,"B-",IF(FD18>=20,"C+",IF(FD18>=18,"C-",IF(FD18>=15,"D+",IF(FD18>=13,"D-",IF(FD18>=11,"E+",IF(FD18>=0,"E-"))))))))))) -> A- | FD18: =IF(ET18="S",4,IF(ET18="F",3,IF(ET18="O",2,IF(ET18="N",1))))+IF(EU18="S",4,IF(EU18="F",3,IF(EU18="O",2,IF(EU18="N",1))))+IF(EV18="S",4,IF(EV18="F",3,IF(EV18="O",2,IF(EV18="N",1))))+IF(EW18="S",4,IF(EW18="F",3,IF(EW18="O",2,IF(EW18="N",1))))+IF(EX18="S",4,IF(EX18="F",3,IF(EX18="O",2,IF(EX18="N",1))))+IF(EY18="S",4,IF(EY18="F",3,IF(EY18="O",2,IF(EY18="N",1))))+IF(EZ18="S",4,IF(EZ18="F",3,IF(EZ18="O",2,IF(EZ18="N",1))))+IF(FA18="S",4,IF(FA18="F",3,IF(FA18="O",2,IF(FA18="N",1))))+IF(FB18="S",4,IF(FB18="F",3,IF(FB18="O",2,IF(FB18="N",1)))) -> 34 | FE18: =IF(FC18="","",FC18) -> A- | FF18: 15 | FH18: 0
B19: 2 | C19: =IF(NOTAS!E22>"",NOTAS!E22,"") -> BURGOS MARTINEZ ALEXANDER ABDIEL | G19: 9 | H19: 10 | I19: 7 | J19: 7 | K19: 8 | L19: 8 | M19: 10 | N19: 10 | O19: 7 | P19: 10 | Q19: 7 | R19: 10 | S19: 8 | T19: 7 | U19: 10 | V19: 10 | W19: 10 | X19: 10 | Y19: =IFERROR(INT(FIXED(TRUNC(AVERAGE(G19:X19),2),0)),"") -> 9 | Z19: 7 | AA19: 7 | AB19: 7 | AC19: 7 | AD19: 7 | AE19: 7 | AF19: 7 | AG19: 7 | AH19: 7 | AI19: 7 | AJ19: 7 | AK19: 7 | AL19: 7 | AM19: 7 | AN19: 7 | AO19: =IFERROR(INT(FIXED(TRUNC(AVERAGE(Z19:AN19),2),0)),"") -> 7 | AP19: 7 | AQ19: 7 | AR19: 7 | AS19: 7 | AT19: 7 | AU19: 7 | AV19: 7 | AW19: 7 | AX19: 7 | AY19: 7 | AZ19: 7 | BA19: 7 | BB19: 7 | BC19: 7 | BD19: 7 | BE19: 7 | BF19: 7 | BG19: 7 | BH19: 7 | BI19: 7 | BJ19: =IFERROR(INT(FIXED(TRUNC(AVERAGE(AP19:BI19),2),0)),"") -> 7 | BK19: 7 | BL19: 8 | BM19: 8 | BN19: 8 | BO19: 8 | BP19: 8 | BQ19: 8 | BR19: 8 | BS19: 8 | BT19: 8 | BU19: 8 | BV19: 8 | BW19: 8 | BX19: 8 | BY19: 8 | BZ19: 8 | CA19: 8 | CB19: 8 | CC19: 8 | CD19: 8 | CE19: 8 | CF19: 8 | CG19: =IFERROR(INT(FIXED(TRUNC(AVERAGE(BK19:CF19),2),0)),"") -> 8 | CH19: 7 | CI19: 7 | CJ19: 7 | CK19: 7 | CL19: 7 | CM19: 7 | CN19: 7 | CO19: 7 | CP19: 7 | CQ19: 7 | CR19: 7 | CS19: 7 | CT19: 7 | CU19: 7 | CV19: 7 | CW19: 7 | CX19: 7 | CY19: 7 | CZ19: 7 | DA19: 7 | DB19: 7 | DC19: =IFERROR(INT(FIXED(TRUNC(AVERAGE(CH19:DB19),2),0)),"") -> 7 | DD19: 7 | DE19: 7 | DF19: 7 | DG19: 7 | DH19: 7 | DI19: 7 | DJ19: 7 | DK19: 7 | DL19: 7 | DM19: 7 | DN19: 7 | DO19: =IFERROR(INT(FIXED(TRUNC(AVERAGE(DD19:DN19),2),0)),"") -> 7 | DP19: 10 | DQ19: 10 | DR19: 10 | DS19: 10 | DT19: 10 | DU19: 10 | DV19: 10 | DW19: 10 | DX19: 10 | DY19: 10 | DZ19: 10 | EA19: 10 | EB19: 10 | EC19: 10 | ED19: 10 | EE19: 10 | EF19: 10 | EG19: 10 | EH19: 10 | EI19: 10 | EJ19: 10 | EK19: 10 | EL19: 10 | EM19: 10 | EN19: 10 | EO19: 10 | EP19: 10 | EQ19: 10 | ER19: =IFERROR(INT(FIXED(TRUNC(AVERAGE(DP19:EQ19),2),0)),"") -> 10 | ES19: =IF(OR(Y19="",AO19="",BJ19="",CG19="",DC19="",DO19=""),"",IFERROR(AVERAGE(Y19,AO19,BJ19,CG19,DC19,DO19),"")) -> 7.5 | ET19: S | EU19: S | EV19: S | EW19: S | EX19: S | EY19: F | EZ19: F | FA19: F | FB19: F | FC19: =IF(OR(ET19="",EU19="",EV19="",EW19="",EX19="",EY19="",EZ19="",FA19="",FB19=""),"",IF(FD19>=35,"A+",IF(FD19>=33,"A-",IF(FD19>=30,"B+",IF(FD19>=27,"B-",IF(FD19>=20,"C+",IF(FD19>=18,"C-",IF(FD19>=15,"D+",IF(FD19>=13,"D-",IF(FD19>=11,"E+",IF(FD19>=0,"E-"))))))))))) -> B+ | FD19: =IF(ET19="S",4,IF(ET19="F",3,IF(ET19="O",2,IF(ET19="N",1))))+IF(EU19="S",4,IF(EU19="F",3,IF(EU19="O",2,IF(EU19="N",1))))+IF(EV19="S",4,IF(EV19="F",3,IF(EV19="O",2,IF(EV19="N",1))))+IF(EW19="S",4,IF(EW19="F",3,IF(EW19="O",2,IF(EW19="N",1))))+IF(EX19="S",4,IF(EX19="F",3,IF(EX19="O",2,IF(EX19="N",1))))+IF(EY19="S",4,IF(EY19="F",3,IF(EY19="O",2,IF(EY19="N",1))))+IF(EZ19="S",4,IF(EZ19="F",3,IF(EZ19="O",2,IF(EZ19="N",1))))+IF(FA19="S",4,IF(FA19="F",3,IF(FA19="O",2,IF(FA19="N",1))))+IF(FB19="S",4,IF(FB19="F",3,IF(FB19="O",2,IF(FB19="N",1)))) -> 32 | FE19: =IF(FC19="","",FC19) -> B+ | FH19: 10
B20: 3 | C20: =IF(NOTAS!E23>"",NOTAS!E23,"") -> CARREÑO SANCHEZ AMMY VALENTINA | G20: 9 | H20: 10 | I20: 7 | J20: 10 | K20: 10 | L20: 10 | M20: 10 | N20: 10 | O20: 10 | P20: 10 | Q20: 10 | R20: 10 | S20: 8 | T20: 10 | U20: 10 | V20: 10 | W20: 10 | X20: 10 | Y20: =IFERROR(INT(FIXED(TRUNC(AVERAGE(G20:X20),2),0)),"") -> 10 | Z20: 10 | AA20: 10 | AB20: 10 | AC20: 10 | AD20: 10 | AE20: 10 | AF20: 10 | AG20: 10 | AH20: 8 | AI20: 8 | AJ20: 10 | AK20: 10 | AL20: 10 | AM20: 7 | AN20: 10 | AO20: =IFERROR(INT(FIXED(TRUNC(AVERAGE(Z20:AN20),2),0)),"") -> 10 | AP20: 10 | AQ20: 10 | AR20: 10 | AS20: 10 | AT20: 10 | AU20: 10 | AV20: 10 | AW20: 10 | AX20: 10 | AY20: 10 | AZ20: 10 | BA20: 10 | BB20: 10 | BC20: 10 | BD20: 10 | BE20: 10 | BF20: 10 | BG20: 10 | BH20: 10 | BI20: 10 | BJ20: =IFERROR(INT(FIXED(TRUNC(AVERAGE(AP20:BI20),2),0)),"") -> 10 | BK20: 10 | BL20: 10 | BM20: 10 | BN20: 10 | BO20: 1 | BP20: 10 | BQ20: 10 | BR20: 10 | BS20: 10 | BT20: 10 | BU20: 10 | BV20: 10 | BW20: 10 | BX20: 10 | BY20: 10 | BZ20: 10 | CA20: 10 | CB20: 10 | CC20: 10 | CD20: 10 | CE20: 10 | CF20: 10 | CG20: =IFERROR(INT(FIXED(TRUNC(AVERAGE(BK20:CF20),2),0)),"") -> 10 | CH20: 10 | CI20: 10 | CJ20: 10 | CK20: 10 | CL20: 10 | CM20: 10 | CN20: 10 | CO20: 10 | CP20: 10 | CQ20: 10 | CR20: 10 | CS20: 10 | CT20: 10 | CU20: 10 | CV20: 10 | CW20: 10 | CX20: 10 | CY20: 10 | CZ20: 10 | DA20: 10 | DB20: 10 | DC20: =IFERROR(INT(FIXED(TRUNC(AVERAGE(CH20:DB20),2),0)),"") -> 10 | DD20: 10 | DE20: 10 | DF20: 10 | DG20: 10 | DH20: 10 | DI20: 10 | DJ20: 10 | DK20: 10 | DL20: 10 | DM20: 10 | DN20: 10 | DO20: =IFERROR(INT(FIXED(TRUNC(AVERAGE(DD20:DN20),2),0)),"") -> 10 | DP20: 10 | DQ20: 10 | DR20: 10 | DS20: 10 | DT20: 10 | DU20: 10 | DV20: 10 | DW20: 10 | DX20: 10 | DY20: 10 | DZ20: 10 | EA20: 10 | EB20: 10 | EC20: 10 | ED20: 10 | EE20: 10 | EF20: 10 | EG20: 10 | EH20: 10 | EI20: 10 | EJ20: 10 | EK20: 10 | EL20: 10 | EM20: 10 | EN20: 10 | EO20: 10 | EP20: 10 | EQ20: 10 | ER20: =IFERROR(INT(FIXED(TRUNC(AVERAGE(DP20:EQ20),2),0)),"") -> 10 | ES20: =IF(OR(Y20="",AO20="",BJ20="",CG20="",DC20="",DO20=""),"",IFERROR(AVERAGE(Y20,AO20,BJ20,CG20,DC20,DO20),"")) -> 10 | ET20: S | EU20: S | EV20: S | EW20: S | EX20: S | EY20: S | EZ20: S | FA20: F | FB20: S | FC20: =IF(OR(ET20="",EU20="",EV20="",EW20="",EX20="",EY20="",EZ20="",FA20="",FB20=""),"",IF(FD20>=35,"A+",IF(FD20>=33,"A-",IF(FD20>=30,"B+",IF(FD20>=27,"B-",IF(FD20>=20,"C+",IF(FD20>=18,"C-",IF(FD20>=15,"D+",IF(FD20>=13,"D-",IF(FD20>=11,"E+",IF(FD20>=0,"E-"))))))))))) -> A+ | FD20: =IF(ET20="S",4,IF(ET20="F",3,IF(ET20="O",2,IF(ET20="N",1))))+IF(EU20="S",4,IF(EU20="F",3,IF(EU20="O",2,IF(EU20="N",1))))+IF(EV20="S",4,IF(EV20="F",3,IF(EV20="O",2,IF(EV20="N",1))))+IF(EW20="S",4,IF(EW20="F",3,IF(EW20="O",2,IF(EW20="N",1))))+IF(EX20="S",4,IF(EX20="F",3,IF(EX20="O",2,IF(EX20="N",1))))+IF(EY20="S",4,IF(EY20="F",3,IF(EY20="O",2,IF(EY20="N",1))))+IF(EZ20="S",4,IF(EZ20="F",3,IF(EZ20="O",2,IF(EZ20="N",1))))+IF(FA20="S",4,IF(FA20="F",3,IF(FA20="O",2,IF(FA20="N",1))))+IF(FB20="S",4,IF(FB20="F",3,IF(FB20="O",2,IF(FB20="N",1)))) -> 35 | FE20: =IF(FC20="","",FC20) -> A+ | FH20: 0
B21: 4 | C21: =IF(NOTAS!E24>"",NOTAS!E24,"") -> CASTRO GOMEZ ANNIA VALENTINA | G21: 9 | H21: 10 | I21: 7 | J21: 10 | K21: 10 | L21: 10 | M21: 10 | N21: 10 | O21: 10 | P21: 10 | Q21: 10 | R21: 10 | S21: 8 | T21: 10 | U21: 10 | V21: 10 | W21: 10 | X21: 10 | Y21: =IFERROR(INT(FIXED(TRUNC(AVERAGE(G21:X21),2),0)),"") -> 10 | Z21: 10 | AA21: 10 | AB21: 10 | AC21: 10 | AD21: 10 | AE21: 10 | AF21: 10 | AG21: 10 | AH21: 8 | AI21: 8 | AJ21: 10 | AK21: 10 | AL21: 10 | AM21: 7 | AN21: 10 | AO21: =IFERROR(INT(FIXED(TRUNC(AVERAGE(Z21:AN21),2),0)),"") -> 10 | AP21: 10 | AQ21: 10 | AR21: 10 | AS21: 10 | AT21: 10 | AU21: 10 | AV21: 10 | AW21: 10 | AX21: 10 | AY21: 10 | AZ21: 10 | BA21: 10 | BB21: 10 | BC21: 10 | BD21: 10 | BE21: 10 | BF21: 10 | BG21: 10 | BH21: 10 | BI21: 10 | BJ21: =IFERROR(INT(FIXED(TRUNC(AVERAGE(AP21:BI21),2),0)),"") -> 10 | BK21: 10 | BL21: 10 | BM21: 10 | BN21: 10 | BO21: 10 | BP21: 10 | BQ21: 10 | BR21: 10 | BS21: 10 | BT21: 10 | BU21: 10 | BV21: 10 | BW21: 10 | BX21: 10 | BY21: 10 | BZ21: 10 | CA21: 10 | CB21: 10 | CC21: 10 | CD21: 10 | CE21: 10 | CF21: 10 | CG21: =IFERROR(INT(FIXED(TRUNC(AVERAGE(BK21:CF21),2),0)),"") -> 10 | CH21: 10 | CI21: 10 | CJ21: 10 | CK21: 10 | CL21: 10 | CM21: 10 | CN21: 10 | CO21: 10 | CP21: 10 | CQ21: 10 | CR21: 10 | CS21: 10 | CT21: 10 | CU21: 10 | CV21: 10 | CW21: 10 | CX21: 10 | CY21: 10 | CZ21: 10 | DA21: 10 | DB21: 10 | DC21: =IFERROR(INT(FIXED(TRUNC(AVERAGE(CH21:DB21),2),0)),"") -> 10 | DD21: 10 | DE21: 10 | DF21: 10 | DG21: 10 | DH21: 10 | DI21: 10 | DJ21: 10 | DK21: 10 | DL21: 10 | DM21: 10 | DN21: 10 | DO21: =IFERROR(INT(FIXED(TRUNC(AVERAGE(DD21:DN21),2),0)),"") -> 10 | DP21: 10 | DQ21: 10 | DR21: 10 | DS21: 10 | DT21: 10 | DU21: 10 | DV21: 10 | DW21: 10 | DX21: 10 | DY21: 10 | DZ21: 10 | EA21: 10 | EB21: 10 | EC21: 10 | ED21: 10 | EE21: 10 | EF21: 10 | EG21: 10 | EH21: 10 | EI21: 10 | EJ21: 10 | EK21: 10 | EL21: 10 | EM21: 10 | EN21: 10 | EO21: 10 | EP21: 10 | EQ21: 10 | ER21: =IFERROR(INT(FIXED(TRUNC(AVERAGE(DP21:EQ21),2),0)),"") -> 10 | ES21: =IF(OR(Y21="",AO21="",BJ21="",CG21="",DC21="",DO21=""),"",IFERROR(AVERAGE(Y21,AO21,BJ21,CG21,DC21,DO21),"")) -> 10 | ET21: S | EU21: S | EV21: S | EW21: S | EX21: S | EY21: S | EZ21: S | FA21: F | FB21: F | FC21: =IF(OR(ET21="",EU21="",EV21="",EW21="",EX21="",EY21="",EZ21="",FA21="",FB21=""),"",IF(FD21>=35,"A+",IF(FD21>=33,"A-",IF(FD21>=30,"B+",IF(FD21>=27,"B-",IF(FD21>=20,"C+",IF(FD21>=18,"C-",IF(FD21>=15,"D+",IF(FD21>=13,"D-",IF(FD21>=11,"E+",IF(FD21>=0,"E-"))))))))))) -> A- | FD21: =IF(ET21="S",4,IF(ET21="F",3,IF(ET21="O",2,IF(ET21="N",1))))+IF(EU21="S",4,IF(EU21="F",3,IF(EU21="O",2,IF(EU21="N",1))))+IF(EV21="S",4,IF(EV21="F",3,IF(EV21="O",2,IF(EV21="N",1))))+IF(EW21="S",4,IF(EW21="F",3,IF(EW21="O",2,IF(EW21="N",1))))+IF(EX21="S",4,IF(EX21="F",3,IF(EX21="O",2,IF(EX21="N",1))))+IF(EY21="S",4,IF(EY21="F",3,IF(EY21="O",2,IF(EY21="N",1))))+IF(EZ21="S",4,IF(EZ21="F",3,IF(EZ21="O",2,IF(EZ21="N",1))))+IF(FA21="S",4,IF(FA21="F",3,IF(FA21="O",2,IF(FA21="N",1))))+IF(FB21="S",4,IF(FB21="F",3,IF(FB21="O",2,IF(FB21="N",1)))) -> 34 | FE21: =IF(FC21="","",FC21) -> A- | FH21: 0
B22: 5 | C22: =IF(NOTAS!E25>"",NOTAS!E25,"") -> CEDEÑO AGUIRRE KEYLOR DEMIR | G22: 9 | H22: 10 | I22: 7 | J22: 10 | K22: 10 | L22: 10 | M22: 10 | N22: 10 | O22: 10 | P22: 10 | Q22: 10 | R22: 10 | S22: 8 | T22: 10 | U22: 10 | V22: 10 | W22: 10 | X22: 10 | Y22: =IFERROR(INT(FIXED(TRUNC(AVERAGE(G22:X22),2),0)),"") -> 10 | Z22: 10 | AA22: 10 | AB22: 10 | AC22: 10 | AD22: 10 | AE22: 10 | AF22: 10 | AG22: 10 | AH22: 8 | AI22: 8 | AJ22: 10 | AK22: 10 | AL22: 10 | AM22: 7 | AN22: 10 | AO22: =IFERROR(INT(FIXED(TRUNC(AVERAGE(Z22:AN22),2),0)),"") -> 10 | AP22: 10 | AQ22: 10 | AR22: 10 | AS22: 10 | AT22: 10 | AU22: 10 | AV22: 10 | AW22: 10 | AX22: 10 | AY22: 10 | AZ22: 10 | BA22: 10 | BB22: 10 | BC22: 10 | BD22: 10 | BE22: 10 | BF22: 10 | BG22: 10 | BH22: 10 | BI22: 10 | BJ22: =IFERROR(INT(FIXED(TRUNC(AVERAGE(AP22:BI22),2),0)),"") -> 10 | BK22: 10 | BL22: 10 | BM22: 10 | BN22: 10 | BO22: 10 | BP22: 10 | BQ22: 10 | BR22: 10 | BS22: 10 | BT22: 10 | BU22: 10 | BV22: 10 | BW22: 10 | BX22: 10 | BY22: 10 | BZ22: 10 | CA22: 10 | CB22: 10 | CC22: 10 | CD22: 10 | CE22: 10 | CF22: 10 | CG22: =IFERROR(INT(FIXED(TRUNC(AVERAGE(BK22:CF22),2),0)),"") -> 10 | CH22: 7 | CI22: 7 | CJ22: 7 | CK22: 7 | CL22: 7 | CM22: 7 | CN22: 7 | CO22: 7 | CP22: 7 | CQ22: 7 | CR22: 7 | CS22: 7 | CT22: 7 | CU22: 7 | CV22: 7 | CW22: 7 | CX22: 7 | CY22: 7 | CZ22: 7 | DA22: 7 | DB22: 7 | DC22: =IFERROR(INT(FIXED(TRUNC(AVERAGE(CH22:DB22),2),0)),"") -> 7 | DD22: 10 | DE22: 10 | DF22: 10 | DG22: 10 | DH22: 10 | DI22: 10 | DJ22: 10 | DK22: 10 | DL22: 10 | DM22: 10 | DN22: 10 | DO22: =IFERROR(INT(FIXED(TRUNC(AVERAGE(DD22:DN22),2),0)),"") -> 10 | DP22: 10 | DQ22: 10 | DR22: 10 | DS22: 10 | DT22: 10 | DU22: 10 | DV22: 10 | DW22: 10 | DX22: 10 | DY22: 10 | DZ22: 10 | EA22: 10 | EB22: 10 | EC22: 10 | ED22: 10 | EE22: 10 | EF22: 10 | EG22: 10 | EH22: 10 | EI22: 10 | EJ22: 10 | EK22: 10 | EL22: 10 | EM22: 10 | EN22: 10 | EO22: 10 | EP22: 10 | EQ22: 10 | ER22: =IFERROR(INT(FIXED(TRUNC(AVERAGE(DP22:EQ22),2),0)),"") -> 10 | ES22: =IF(OR(Y22="",AO22="",BJ22="",CG22="",DC22="",DO22=""),"",IFERROR(AVERAGE(Y22,AO22,BJ22,CG22,DC22,DO22),"")) -> 9.5 | ET22: S | EU22: S | EV22: S | EW22: S | EX22: S | EY22: F | EZ22: S | FA22: F | FB22: S | FC22: =IF(OR(ET22="",EU22="",EV22="",EW22="",EX22="",EY22="",EZ22="",FA22="",FB22=""),"",IF(FD22>=35,"A+",IF(FD22>=33,"A-",IF(FD22>=30,"B+",IF(FD22>=27,"B-",IF(FD22>=20,"C+",IF(FD22>=18,"C-",IF(FD22>=15,"D+",IF(FD22>=13,"D-",IF(FD22>=11,"E+",IF(FD22>=0,"E-"))))))))))) -> A- | FD22: =IF(ET22="S",4,IF(ET22="F",3,IF(ET22="O",2,IF(ET22="N",1))))+IF(EU22="S",4,IF(EU22="F",3,IF(EU22="O",2,IF(EU22="N",1))))+IF(EV22="S",4,IF(EV22="F",3,IF(EV22="O",2,IF(EV22="N",1))))+IF(EW22="S",4,IF(EW22="F",3,IF(EW22="O",2,IF(EW22="N",1))))+IF(EX22="S",4,IF(EX22="F",3,IF(EX22="O",2,IF(EX22="N",1))))+IF(EY22="S",4,IF(EY22="F",3,IF(EY22="O",2,IF(EY22="N",1))))+IF(EZ22="S",4,IF(EZ22="F",3,IF(EZ22="O",2,IF(EZ22="N",1))))+IF(FA22="S",4,IF(FA22="F",3,IF(FA22="O",2,IF(FA22="N",1))))+IF(FB22="S",4,IF(FB22="F",3,IF(FB22="O",2,IF(FB22="N",1)))) -> 34 | FE22: =IF(FC22="","",FC22) -> A- | FF22: 3 | FH22: 0
B23: 6 | C23: =IF(NOTAS!E26>"",NOTAS!E26,"") -> CERDAN TORO MADISON YARELIS | G23: 9 | H23: 10 | I23: 7 | J23: 7 | K23: 8 | L23: 8 | M23: 10 | N23: 10 | O23: 7 | P23: 7 | Q23: 7 | R23: 10 | S23: 8 | T23: 7 | U23: 10 | V23: 10 | W23: 10 | X23: 10 | Y23: =IFERROR(INT(FIXED(TRUNC(AVERAGE(G23:X23),2),0)),"") -> 9 | Z23: 7 | AA23: 7 | AB23: 7 | AC23: 7 | AD23: 7 | AE23: 7 | AF23: 7 | AG23: 7 | AH23: 7 | AI23: 7 | AJ23: 7 | AK23: 7 | AL23: 7 | AM23: 7 | AN23: 7 | AO23: =IFERROR(INT(FIXED(TRUNC(AVERAGE(Z23:AN23),2),0)),"") -> 7 | AP23: 7 | AQ23: 7 | AR23: 7 | AS23: 7 | AT23: 7 | AU23: 7 | AV23: 7 | AW23: 7 | AX23: 7 | AY23: 7 | AZ23: 7 | BA23: 7 | BB23: 7 | BC23: 7 | BD23: 7 | BE23: 7 | BF23: 7 | BG23: 7 | BH23: 7 | BI23: 7 | BJ23: =IFERROR(INT(FIXED(TRUNC(AVERAGE(AP23:BI23),2),0)),"") -> 7 | BK23: 10 | BL23: 10 | BM23: 10 | BN23: 10 | BO23: 10 | BP23: 10 | BQ23: 10 | BR23: 10 | BS23: 10 | BT23: 10 | BU23: 10 | BV23: 10 | BW23: 10 | BX23: 10 | BY23: 10 | BZ23: 10 | CA23: 10 | CB23: 10 | CC23: 10 | CD23: 10 | CE23: 10 | CF23: 10 | CG23: =IFERROR(INT(FIXED(TRUNC(AVERAGE(BK23:CF23),2),0)),"") -> 10 | CH23: 10 | CI23: 10 | CJ23: 10 | CK23: 10 | CL23: 10 | CM23: 10 | CN23: 10 | CO23: 10 | CP23: 10 | CQ23: 10 | CR23: 10 | CS23: 10 | CT23: 10 | CU23: 10 | CV23: 10 | CW23: 10 | CX23: 10 | CY23: 10 | CZ23: 10 | DA23: 10 | DB23: 10 | DC23: =IFERROR(INT(FIXED(TRUNC(AVERAGE(CH23:DB23),2),0)),"") -> 10 | DD23: 10 | DE23: 10 | DF23: 10 | DG23: 10 | DH23: 10 | DI23: 10 | DJ23: 10 | DK23: 10 | DL23: 10 | DM23: 10 | DN23: 10 | DO23: =IFERROR(INT(FIXED(TRUNC(AVERAGE(DD23:DN23),2),0)),"") -> 10 | DP23: 10 | DQ23: 10 | DR23: 10 | DS23: 10 | DT23: 10 | DU23: 10 | DV23: 10 | DW23: 10 | DX23: 10 | DY23: 10 | DZ23: 10 | EA23: 10 | EB23: 10 | EC23: 10 | ED23: 10 | EE23: 10 | EF23: 10 | EG23: 10 | EH23: 10 | EI23: 10 | EJ23: 10 | EK23: 10 | EL23: 10 | EM23: 10 | EN23: 10 | EO23: 10 | EP23: 10 | EQ23: 10 | ER23: =IFERROR(INT(FIXED(TRUNC(AVERAGE(DP23:EQ23),2),0)),"") -> 10 | ES23: =IF(OR(Y23="",AO23="",BJ23="",CG23="",DC23="",DO23=""),"",IFERROR(AVERAGE(Y23,AO23,BJ23,CG23,DC23,DO23),"")) -> 8.8333333 | ET23: S | EU23: S | EV23: S | EW23: S | EX23: S | EY23: F | EZ23: F | FA23: F | FB23: F | FC23: =IF(OR(ET23="",EU23="",EV23="",EW23="",EX23="",EY23="",EZ23="",FA23="",FB23=""),"",IF(FD23>=35,"A+",IF(FD23>=33,"A-",IF(FD23>=30,"B+",IF(FD23>=27,"B-",IF(FD23>=20,"C+",IF(FD23>=18,"C-",IF(FD23>=15,"D+",IF(FD23>=13,"D-",IF(FD23>=11,"E+",IF(FD23>=0,"E-"))))))))))) -> B+ | FD23: =IF(ET23="S",4,IF(ET23="F",3,IF(ET23="O",2,IF(ET23="N",1))))+IF(EU23="S",4,IF(EU23="F",3,IF(EU23="O",2,IF(EU23="N",1))))+IF(EV23="S",4,IF(EV23="F",3,IF(EV23="O",2,IF(EV23="N",1))))+IF(EW23="S",4,IF(EW23="F",3,IF(EW23="O",2,IF(EW23="N",1))))+IF(EX23="S",4,IF(EX23="F",3,IF(EX23="O",2,IF(EX23="N",1))))+IF(EY23="S",4,IF(EY23="F",3,IF(EY23="O",2,IF(EY23="N",1))))+IF(EZ23="S",4,IF(EZ23="F",3,IF(EZ23="O",2,IF(EZ23="N",1))))+IF(FA23="S",4,IF(FA23="F",3,IF(FA23="O",2,IF(FA23="N",1))))+IF(FB23="S",4,IF(FB23="F",3,IF(FB23="O",2,IF(FB23="N",1)))) -> 32 | FE23: =IF(FC23="","",FC23) -> B+ | FH23: 0
B24: 7 | C24: =IF(NOTAS!E27>"",NOTAS!E27,"") -> CEVALLOS ZAMBRANO IAN SAHIR | Y24: =IFERROR(INT(FIXED(TRUNC(AVERAGE(G24:X24),2),0)),"") | AO24: =IFERROR(INT(FIXED(TRUNC(AVERAGE(Z24:AN24),2),0)),"") | BJ24: =IFERROR(INT(FIXED(TRUNC(AVERAGE(AP24:BI24),2),0)),"") | CG24: =IFERROR(INT(FIXED(TRUNC(AVERAGE(BK24:CF24),2),0)),"") | DC24: =IFERROR(INT(FIXED(TRUNC(AVERAGE(CH24:DB24),2),0)),"") | DO24: =IFERROR(INT(FIXED(TRUNC(AVERAGE(DD24:DN24),2),0)),"") | ER24: =IFERROR(INT(FIXED(TRUNC(AVERAGE(DP24:EQ24),2),0)),"") | ES24: =IF(OR(Y24="",AO24="",BJ24="",CG24="",DC24="",DO24=""),"",IFERROR(AVERAGE(Y24,AO24,BJ24,CG24,DC24,DO24),"")) | FC24: =IF(OR(ET24="",EU24="",EV24="",EW24="",EX24="",EY24="",EZ24="",FA24="",FB24=""),"",IF(FD24>=35,"A+",IF(FD24>=33,"A-",IF(FD24>=30,"B+",IF(FD24>=27,"B-",IF(FD24>=20,"C+",IF(FD24>=18,"C-",IF(FD24>=15,"D+",IF(FD24>=13,"D-",IF(FD24>=11,"E+",IF(FD24>=0,"E-"))))))))))) | FD24: =IF(ET24="S",4,IF(ET24="F",3,IF(ET24="O",2,IF(ET24="N",1))))+IF(EU24="S",4,IF(EU24="F",3,IF(EU24="O",2,IF(EU24="N",1))))+IF(EV24="S",4,IF(EV24="F",3,IF(EV24="O",2,IF(EV24="N",1))))+IF(EW24="S",4,IF(EW24="F",3,IF(EW24="O",2,IF(EW24="N",1))))+IF(EX24="S",4,IF(EX24="F",3,IF(EX24="O",2,IF(EX24="N",1))))+IF(EY24="S",4,IF(EY24="F",3,IF(EY24="O",2,IF(EY24="N",1))))+IF(EZ24="S",4,IF(EZ24="F",3,IF(EZ24="O",2,IF(EZ24="N",1))))+IF(FA24="S",4,IF(FA24="F",3,IF(FA24="O",2,IF(FA24="N",1))))+IF(FB24="S",4,IF(FB24="F",3,IF(FB24="O",2,IF(FB24="N",1)))) -> 0 | FE24: =IF(FC24="","",FC24)
B25: 8 | C25: =IF(NOTAS!E28>"",NOTAS!E28,"") -> CONGACHA OÑA JEAN PIERRE | G25: 9 | H25: 10 | I25: 7 | J25: 10 | K25: 8 | L25: 10 | M25: 10 | N25: 10 | O25: 10 | P25: 10 | Q25: 10 | R25: 10 | S25: 8 | T25: 10 | U25: 10 | V25: 10 | W25: 10 | X25: 10 | Y25: =IFERROR(INT(FIXED(TRUNC(AVERAGE(G25:X25),2),0)),"") -> 10 | Z25: 10 | AA25: 10 | AB25: 10 | AC25: 10 | AD25: 10 | AE25: 10 | AF25: 10 | AG25: 10 | AH25: 8 | AI25: 8 | AJ25: 10 | AK25: 10 | AL25: 10 | AM25: 7 | AN25: 10 | AO25: =IFERROR(INT(FIXED(TRUNC(AVERAGE(Z25:AN25),2),0)),"") -> 10 | AP25: 10 | AQ25: 10 | AR25: 10 | AS25: 10 | AT25: 10 | AU25: 10 | AV25: 10 | AW25: 10 | AX25: 10 | AY25: 10 | AZ25: 10 | BA25: 10 | BB25: 10 | BC25: 10 | BD25: 10 | BE25: 10 | BF25: 10 | BG25: 10 | BH25: 10 | BI25: 10 | BJ25: =IFERROR(INT(FIXED(TRUNC(AVERAGE(AP25:BI25),2),0)),"") -> 10 | BK25: 10 | BL25: 10 | BM25: 10 | BN25: 10 | BO25: 10 | BP25: 10 | BQ25: 10 | BR25: 10 | BS25: 10 | BT25: 10 | BU25: 10 | BV25: 10 | BW25: 10 | BX25: 10 | BY25: 10 | BZ25: 10 | CA25: 10 | CB25: 10 | CC25: 10 | CD25: 10 | CE25: 10 | CF25: 10 | CG25: =IFERROR(INT(FIXED(TRUNC(AVERAGE(BK25:CF25),2),0)),"") -> 10 | CH25: 10 | CI25: 10 | CJ25: 10 | CK25: 10 | CL25: 10 | CM25: 10 | CN25: 10 | CO25: 10 | CP25: 10 | CQ25: 10 | CR25: 10 | CS25: 10 | CT25: 10 | CU25: 10 | CV25: 10 | CW25: 10 | CX25: 10 | CY25: 10 | CZ25: 10 | DA25: 10 | DB25: 10 | DC25: =IFERROR(INT(FIXED(TRUNC(AVERAGE(CH25:DB25),2),0)),"") -> 10 | DD25: 10 | DE25: 10 | DF25: 10 | DG25: 10 | DH25: 10 | DI25: 10 | DJ25: 10 | DK25: 10 | DL25: 10 | DM25: 10 | DN25: 10 | DO25: =IFERROR(INT(FIXED(TRUNC(AVERAGE(DD25:DN25),2),0)),"") -> 10 | DP25: 10 | DQ25: 10 | DR25: 10 | DS25: 10 | DT25: 10 | DU25: 10 | DV25: 10 | DW25: 10 | DX25: 10 | DY25: 10 | DZ25: 10 | EA25: 10 | EB25: 10 | EC25: 10 | ED25: 10 | EE25: 10 | EF25: 10 | EG25: 10 | EH25: 10 | EI25: 10 | EJ25: 10 | EK25: 10 | EL25: 10 | EM25: 10 | EN25: 10 | EO25: 10 | EP25: 10 | EQ25: 10 | ER25: =IFERROR(INT(FIXED(TRUNC(AVERAGE(DP25:EQ25),2),0)),"") -> 10 | ES25: =IF(OR(Y25="",AO25="",BJ25="",CG25="",DC25="",DO25=""),"",IFERROR(AVERAGE(Y25,AO25,BJ25,CG25,DC25,DO25),"")) -> 10 | ET25: S | EU25: S | EV25: S | EW25: S | EX25: S | EY25: S | EZ25: S | FA25: F | FB25: F | FC25: =IF(OR(ET25="",EU25="",EV25="",EW25="",EX25="",EY25="",EZ25="",FA25="",FB25=""),"",IF(FD25>=35,"A+",IF(FD25>=33,"A-",IF(FD25>=30,"B+",IF(FD25>=27,"B-",IF(FD25>=20,"C+",IF(FD25>=18,"C-",IF(FD25>=15,"D+",IF(FD25>=13,"D-",IF(FD25>=11,"E+",IF(FD25>=0,"E-"))))))))))) -> A- | FD25: =IF(ET25="S",4,IF(ET25="F",3,IF(ET25="O",2,IF(ET25="N",1))))+IF(EU25="S",4,IF(EU25="F",3,IF(EU25="O",2,IF(EU25="N",1))))+IF(EV25="S",4,IF(EV25="F",3,IF(EV25="O",2,IF(EV25="N",1))))+IF(EW25="S",4,IF(EW25="F",3,IF(EW25="O",2,IF(EW25="N",1))))+IF(EX25="S",4,IF(EX25="F",3,IF(EX25="O",2,IF(EX25="N",1))))+IF(EY25="S",4,IF(EY25="F",3,IF(EY25="O",2,IF(EY25="N",1))))+IF(EZ25="S",4,IF(EZ25="F",3,IF(EZ25="O",2,IF(EZ25="N",1))))+IF(FA25="S",4,IF(FA25="F",3,IF(FA25="O",2,IF(FA25="N",1))))+IF(FB25="S",4,IF(FB25="F",3,IF(FB25="O",2,IF(FB25="N",1)))) -> 34 | FE25: =IF(FC25="","",FC25) -> A- | FH25: 0
B26: 9 | C26: =IF(NOTAS!E29>"",NOTAS!E29,"") -> CUEVA VILLEGAS VALENTINA STEFANIA | G26: 9 | H26: 10 | I26: 7 | J26: 10 | K26: 10 | L26: 10 | M26: 10 | N26: 10 | O26: 10 | P26: 10 | Q26: 10 | R26: 10 | S26: 8 | T26: 7 | U26: 10 | V26: 10 | W26: 10 | X26: 10 | Y26: =IFERROR(INT(FIXED(TRUNC(AVERAGE(G26:X26),2),0)),"") -> 10 | Z26: 10 | AA26: 10 | AB26: 10 | AC26: 10 | AD26: 10 | AE26: 10 | AF26: 10 | AG26: 10 | AH26: 8 | AI26: 8 | AJ26: 10 | AK26: 10 | AL26: 10 | AM26: 7 | AN26: 10 | AO26: =IFERROR(INT(FIXED(TRUNC(AVERAGE(Z26:AN26),2),0)),"") -> 10 | AP26: 10 | AQ26: 10 | AR26: 10 | AS26: 10 | AT26: 10 | AU26: 10 | AV26: 10 | AW26: 10 | AX26: 10 | AY26: 10 | AZ26: 10 | BA26: 10 | BB26: 10 | BC26: 10 | BD26: 10 | BE26: 10 | BF26: 10 | BG26: 10 | BH26: 10 | BI26: 10 | BJ26: =IFERROR(INT(FIXED(TRUNC(AVERAGE(AP26:BI26),2),0)),"") -> 10 | BK26: 10 | BL26: 10 | BM26: 10 | BN26: 10 | BO26: 10 | BP26: 10 | BQ26: 10 | BR26: 10 | BS26: 10 | BT26: 10 | BU26: 10 | BV26: 10 | BW26: 10 | BX26: 10 | BY26: 10 | BZ26: 10 | CA26: 10 | CB26: 10 | CC26: 10 | CD26: 10 | CE26: 10 | CF26: 10 | CG26: =IFERROR(INT(FIXED(TRUNC(AVERAGE(BK26:CF26),2),0)),"") -> 10 | CH26: 10 | CI26: 10 | CJ26: 10 | CK26: 10 | CL26: 10 | CM26: 10 | CN26: 10 | CO26: 10 | CP26: 10 | CQ26: 10 | CR26: 10 | CS26: 10 | CT26: 10 | CU26: 10 | CV26: 10 | CW26: 10 | CX26: 10 | CY26: 10 | CZ26: 10 | DA26: 10 | DB26: 10 | DC26: =IFERROR(INT(FIXED(TRUNC(AVERAGE(CH26:DB26),2),0)),"") -> 10 | DD26: 10 | DE26: 10 | DF26: 10 | DG26: 10 | DH26: 10 | DI26: 10 | DJ26: 10 | DK26: 10 | DL26: 10 | DM26: 10 | DN26: 10 | DO26: =IFERROR(INT(FIXED(TRUNC(AVERAGE(DD26:DN26),2),0)),"") -> 10 | DP26: 10 | DQ26: 10 | DR26: 10 | DS26: 10 | DT26: 10 | DU26: 10 | DV26: 10 | DW26: 10 | DX26: 10 | DY26: 10 | DZ26: 10 | EA26: 10 | EB26: 10 | EC26: 10 | ED26: 10 | EE26: 10 | EF26: 10 | EG26: 10 | EH26: 10 | EI26: 10 | EJ26: 10 | EK26: 10 | EL26: 10 | EM26: 10 | EN26: 10 | EO26: 10 | EP26: 10 | EQ26: 10 | ER26: =IFERROR(INT(FIXED(TRUNC(AVERAGE(DP26:EQ26),2),0)),"") -> 10 | ES26: =IF(OR(Y26="",AO26="",BJ26="",CG26="",DC26="",DO26=""),"",IFERROR(AVERAGE(Y26,AO26,BJ26,CG26,DC26,DO26),"")) -> 10 | ET26: S | EU26: S | EV26: S | EW26: S | EX26: S | EY26: S | EZ26: S | FA26: S | FB26: S | FC26: =IF(OR(ET26="",EU26="",EV26="",EW26="",EX26="",EY26="",EZ26="",FA26="",FB26=""),"",IF(FD26>=35,"A+",IF(FD26>=33,"A-",IF(FD26>=30,"B+",IF(FD26>=27,"B-",IF(FD26>=20,"C+",IF(FD26>=18,"C-",IF(FD26>=15,"D+",IF(FD26>=13,"D-",IF(FD26>=11,"E+",IF(FD26>=0,"E-"))))))))))) -> A+ | FD26: =IF(ET26="S",4,IF(ET26="F",3,IF(ET26="O",2,IF(ET26="N",1))))+IF(EU26="S",4,IF(EU26="F",3,IF(EU26="O",2,IF(EU26="N",1))))+IF(EV26="S",4,IF(EV26="F",3,IF(EV26="O",2,IF(EV26="N",1))))+IF(EW26="S",4,IF(EW26="F",3,IF(EW26="O",2,IF(EW26="N",1))))+IF(EX26="S",4,IF(EX26="F",3,IF(EX26="O",2,IF(EX26="N",1))))+IF(EY26="S",4,IF(EY26="F",3,IF(EY26="O",2,IF(EY26="N",1))))+IF(EZ26="S",4,IF(EZ26="F",3,IF(EZ26="O",2,IF(EZ26="N",1))))+IF(FA26="S",4,IF(FA26="F",3,IF(FA26="O",2,IF(FA26="N",1))))+IF(FB26="S",4,IF(FB26="F",3,IF(FB26="O",2,IF(FB26="N",1)))) -> 36 | FE26: =IF(FC26="","",FC26) -> A+ | FH26: 0
B27: 10 | C27: =IF(NOTAS!E30>"",NOTAS!E30,"") -> DE LA CRUZ VALLEJO JOEL ALEXANDER | G27: 9 | H27: 10 | I27: 7 | J27: 10 | K27: 10 | L27: 10 | M27: 10 | N27: 10 | O27: 10 | P27: 10 | Q27: 10 | R27: 10 | S27: 8 | T27: 7 | U27: 10 | V27: 10 | W27: 10 | X27: 10 | Y27: =IFERROR(INT(FIXED(TRUNC(AVERAGE(G27:X27),2),0)),"") -> 10 | Z27: 10 | AA27: 10 | AB27: 10 | AC27: 10 | AD27: 10 | AE27: 10 | AF27: 10 | AG27: 10 | AH27: 8 | AI27: 8 | AJ27: 10 | AK27: 10 | AL27: 10 | AM27: 7 | AN27: 10 | AO27: =IFERROR(INT(FIXED(TRUNC(AVERAGE(Z27:AN27),2),0)),"") -> 10 | AP27: 10 | AQ27: 10 | AR27: 10 | AS27: 10 | AT27: 10 | AU27: 10 | AV27: 10 | AW27: 10 | AX27: 10 | AY27: 10 | AZ27: 10 | BA27: 10 | BB27: 10 | BC27: 10 | BD27: 10 | BE27: 10 | BF27: 10 | BG27: 10 | BH27: 10 | BI27: 10 | BJ27: =IFERROR(INT(FIXED(TRUNC(AVERAGE(AP27:BI27),2),0)),"") -> 10 | BK27: 10 | BL27: 10 | BM27: 10 | BN27: 10 | BO27: 10 | BP27: 10 | BQ27: 10 | BR27: 10 | BS27: 10 | BT27: 10 | BU27: 10 | BV27: 10 | BW27: 10 | BX27: 10 | BY27: 10 | BZ27: 10 | CA27: 10 | CB27: 10 | CC27: 10 | CD27: 10 | CE27: 10 | CF27: 10 | CG27: =IFERROR(INT(FIXED(TRUNC(AVERAGE(BK27:CF27),2),0)),"") -> 10 | CH27: 10 | CI27: 10 | CJ27: 10 | CK27: 10 | CL27: 10 | CM27: 10 | CN27: 10 | CO27: 10 | CP27: 10 | CQ27: 10 | CR27: 10 | CS27: 10 | CT27: 10 | CU27: 10 | CV27: 10 | CW27: 10 | CX27: 10 | CY27: 10 | CZ27: 10 | DA27: 10 | DB27: 10 | DC27: =IFERROR(INT(FIXED(TRUNC(AVERAGE(CH27:DB27),2),0)),"") -> 10 | DD27: 10 | DE27: 10 | DF27: 10 | DG27: 10 | DH27: 10 | DI27: 10 | DJ27: 10 | DK27: 10 | DL27: 10 | DM27: 10 | DN27: 10 | DO27: =IFERROR(INT(FIXED(TRUNC(AVERAGE(DD27:DN27),2),0)),"") -> 10 | DP27: 10 | DQ27: 10 | DR27: 10 | DS27: 10 | DT27: 10 | DU27: 10 | DV27: 10 | DW27: 10 | DX27: 10 | DY27: 10 | DZ27: 10 | EA27: 10 | EB27: 10 | EC27: 10 | ED27: 10 | EE27: 10 | EF27: 10 | EG27: 10 | EH27: 10 | EI27: 10 | EJ27: 10 | EK27: 10 | EL27: 10 | EM27: 10 | EN27: 10 | EO27: 10 | EP27: 10 | EQ27: 10 | ER27: =IFERROR(INT(FIXED(TRUNC(AVERAGE(DP27:EQ27),2),0)),"") -> 10 | ES27: =IF(OR(Y27="",AO27="",BJ27="",CG27="",DC27="",DO27=""),"",IFERROR(AVERAGE(Y27,AO27,BJ27,CG27,DC27,DO27),"")) -> 10 | ET27: S | EU27: S | EV27: S | EW27: S | EX27: S | EY27: S | EZ27: S | FA27: S | FB27: S | FC27: =IF(OR(ET27="",EU27="",EV27="",EW27="",EX27="",EY27="",EZ27="",FA27="",FB27=""),"",IF(FD27>=35,"A+",IF(FD27>=33,"A-",IF(FD27>=30,"B+",IF(FD27>=27,"B-",IF(FD27>=20,"C+",IF(FD27>=18,"C-",IF(FD27>=15,"D+",IF(FD27>=13,"D-",IF(FD27>=11,"E+",IF(FD27>=0,"E-"))))))))))) -> A+ | FD27: =IF(ET27="S",4,IF(ET27="F",3,IF(ET27="O",2,IF(ET27="N",1))))+IF(EU27="S",4,IF(EU27="F",3,IF(EU27="O",2,IF(EU27="N",1))))+IF(EV27="S",4,IF(EV27="F",3,IF(EV27="O",2,IF(EV27="N",1))))+IF(EW27="S",4,IF(EW27="F",3,IF(EW27="O",2,IF(EW27="N",1))))+IF(EX27="S",4,IF(EX27="F",3,IF(EX27="O",2,IF(EX27="N",1))))+IF(EY27="S",4,IF(EY27="F",3,IF(EY27="O",2,IF(EY27="N",1))))+IF(EZ27="S",4,IF(EZ27="F",3,IF(EZ27="O",2,IF(EZ27="N",1))))+IF(FA27="S",4,IF(FA27="F",3,IF(FA27="O",2,IF(FA27="N",1))))+IF(FB27="S",4,IF(FB27="F",3,IF(FB27="O",2,IF(FB27="N",1)))) -> 36 | FE27: =IF(FC27="","",FC27) -> A+ | FH27: 0
B28: 11 | C28: =IF(NOTAS!E31>"",NOTAS!E31,"") -> DUEÑAS CALDERON LEONIDAS NICOLAI | G28: 9 | H28: 10 | I28: 7 | J28: 8 | K28: 8 | L28: 10 | M28: 10 | N28: 10 | O28: 7 | P28: 7 | Q28: 7 | R28: 10 | S28: 8 | T28: 7 | U28: 10 | V28: 10 | W28: 10 | X28: 10 | Y28: =IFERROR(INT(FIXED(TRUNC(AVERAGE(G28:X28),2),0)),"") -> 9 | Z28: 7 | AA28: 7 | AB28: 7 | AC28: 7 | AD28: 7 | AE28: 7 | AF28: 7 | AG28: 7 | AH28: 7 | AI28: 7 | AJ28: 7 | AK28: 7 | AL28: 7 | AM28: 7 | AN28: 7 | AO28: =IFERROR(INT(FIXED(TRUNC(AVERAGE(Z28:AN28),2),0)),"") -> 7 | AP28: 7 | AQ28: 7 | AR28: 7 | AS28: 7 | AT28: 7 | AU28: 7 | AV28: 7 | AW28: 7 | AX28: 7 | AY28: 7 | AZ28: 7 | BA28: 7 | BB28: 7 | BC28: 7 | BD28: 7 | BE28: 7 | BF28: 7 | BG28: 7 | BH28: 7 | BI28: 7 | BJ28: =IFERROR(INT(FIXED(TRUNC(AVERAGE(AP28:BI28),2),0)),"") -> 7 | BK28: 10 | BL28: 10 | BM28: 10 | BN28: 10 | BO28: 10 | BP28: 10 | BQ28: 10 | BR28: 10 | BS28: 10 | BT28: 10 | BU28: 10 | BV28: 10 | BW28: 10 | BX28: 10 | BY28: 10 | BZ28: 10 | CA28: 10 | CB28: 10 | CC28: 10 | CD28: 10 | CE28: 10 | CF28: 10 | CG28: =IFERROR(INT(FIXED(TRUNC(AVERAGE(BK28:CF28),2),0)),"") -> 10 | CH28: 10 | CI28: 10 | CJ28: 10 | CK28: 10 | CL28: 10 | CM28: 10 | CN28: 10 | CO28: 10 | CP28: 10 | CQ28: 10 | CR28: 10 | CS28: 10 | CT28: 10 | CU28: 10 | CV28: 10 | CW28: 10 | CX28: 10 | CY28: 10 | CZ28: 10 | DA28: 10 | DB28: 10 | DC28: =IFERROR(INT(FIXED(TRUNC(AVERAGE(CH28:DB28),2),0)),"") -> 10 | DD28: 10 | DE28: 10 | DF28: 10 | DG28: 10 | DH28: 10 | DI28: 10 | DJ28: 10 | DK28: 10 | DL28: 10 | DM28: 10 | DN28: 10 | DO28: =IFERROR(INT(FIXED(TRUNC(AVERAGE(DD28:DN28),2),0)),"") -> 10 | DP28: 10 | DQ28: 10 | DR28: 10 | DS28: 10 | DT28: 10 | DU28: 10 | DV28: 10 | DW28: 10 | DX28: 10 | DY28: 10 | DZ28: 10 | EA28: 10 | EB28: 10 | EC28: 10 | ED28: 10 | EE28: 10 | EF28: 10 | EG28: 10 | EH28: 10 | EI28: 10 | EJ28: 10 | EK28: 10 | EL28: 10 | EM28: 10 | EN28: 10 | EO28: 10 | EP28: 10 | EQ28: 10 | ER28: =IFERROR(INT(FIXED(TRUNC(AVERAGE(DP28:EQ28),2),0)),"") -> 10 | ES28: =IF(OR(Y28="",AO28="",BJ28="",CG28="",DC28="",DO28=""),"",IFERROR(AVERAGE(Y28,AO28,BJ28,CG28,DC28,DO28),"")) -> 8.8333333 | ET28: S | EU28: S | EV28: S | EW28: S | EX28: S | EY28: S | EZ28: F | FA28: F | FB28: F | FC28: =IF(OR(ET28="",EU28="",EV28="",EW28="",EX28="",EY28="",EZ28="",FA28="",FB28=""),"",IF(FD28>=35,"A+",IF(FD28>=33,"A-",IF(FD28>=30,"B+",IF(FD28>=27,"B-",IF(FD28>=20,"C+",IF(FD28>=18,"C-",IF(FD28>=15,"D+",IF(FD28>=13,"D-",IF(FD28>=11,"E+",IF(FD28>=0,"E-"))))))))))) -> A- | FD28: =IF(ET28="S",4,IF(ET28="F",3,IF(ET28="O",2,IF(ET28="N",1))))+IF(EU28="S",4,IF(EU28="F",3,IF(EU28="O",2,IF(EU28="N",1))))+IF(EV28="S",4,IF(EV28="F",3,IF(EV28="O",2,IF(EV28="N",1))))+IF(EW28="S",4,IF(EW28="F",3,IF(EW28="O",2,IF(EW28="N",1))))+IF(EX28="S",4,IF(EX28="F",3,IF(EX28="O",2,IF(EX28="N",1))))+IF(EY28="S",4,IF(EY28="F",3,IF(EY28="O",2,IF(EY28="N",1))))+IF(EZ28="S",4,IF(EZ28="F",3,IF(EZ28="O",2,IF(EZ28="N",1))))+IF(FA28="S",4,IF(FA28="F",3,IF(FA28="O",2,IF(FA28="N",1))))+IF(FB28="S",4,IF(FB28="F",3,IF(FB28="O",2,IF(FB28="N",1)))) -> 33 | FE28: =IF(FC28="","",FC28) -> A- | FH28: 5
B29: 12 | C29: =IF(NOTAS!E32>"",NOTAS!E32,"") -> GOMEZ CELI ELIAM LEVIT | G29: 9 | H29: 10 | I29: 7 | J29: 10 | K29: 8 | L29: 7 | M29: 10 | N29: 10 | O29: 10 | P29: 10 | Q29: 10 | R29: 10 | S29: 8 | T29: 10 | U29: 10 | V29: 10 | W29: 10 | X29: 10 | Y29: =IFERROR(INT(FIXED(TRUNC(AVERAGE(G29:X29),2),0)),"") -> 9 | Z29: 10 | AA29: 10 | AB29: 10 | AC29: 10 | AD29: 10 | AE29: 10 | AF29: 10 | AG29: 10 | AH29: 8 | AI29: 8 | AJ29: 10 | AK29: 10 | AL29: 10 | AM29: 7 | AN29: 10 | AO29: =IFERROR(INT(FIXED(TRUNC(AVERAGE(Z29:AN29),2),0)),"") -> 10 | AP29: 10 | AQ29: 10 | AR29: 10 | AS29: 10 | AT29: 10 | AU29: 10 | AV29: 10 | AW29: 10 | AX29: 10 | AY29: 10 | AZ29: 10 | BA29: 10 | BB29: 10 | BC29: 10 | BD29: 10 | BE29: 10 | BF29: 10 | BG29: 10 | BH29: 10 | BI29: 10 | BJ29: =IFERROR(INT(FIXED(TRUNC(AVERAGE(AP29:BI29),2),0)),"") -> 10 | BK29: 10 | BL29: 10 | BM29: 10 | BN29: 10 | BO29: 10 | BP29: 10 | BQ29: 10 | BR29: 10 | BS29: 10 | BT29: 10 | BU29: 10 | BV29: 10 | BW29: 10 | BX29: 10 | BY29: 10 | BZ29: 10 | CA29: 10 | CB29: 10 | CC29: 10 | CD29: 10 | CE29: 10 | CF29: 10 | CG29: =IFERROR(INT(FIXED(TRUNC(AVERAGE(BK29:CF29),2),0)),"") -> 10 | CH29: 10 | CI29: 10 | CJ29: 10 | CK29: 10 | CL29: 10 | CM29: 10 | CN29: 10 | CO29: 10 | CP29: 10 | CQ29: 10 | CR29: 10 | CS29: 10 | CT29: 10 | CU29: 10 | CV29: 10 | CW29: 10 | CX29: 10 | CY29: 10 | CZ29: 10 | DA29: 10 | DB29: 10 | DC29: =IFERROR(INT(FIXED(TRUNC(AVERAGE(CH29:DB29),2),0)),"") -> 10 | DD29: 8 | DE29: 8 | DF29: 8 | DG29: 8 | DH29: 8 | DI29: 8 | DJ29: 8 | DK29: 8 | DL29: 8 | DM29: 10 | DN29: 10 | DO29: =IFERROR(INT(FIXED(TRUNC(AVERAGE(DD29:DN29),2),0)),"") -> 8 | DP29: 10 | DQ29: 10 | DR29: 10 | DS29: 10 | DT29: 10 | DU29: 10 | DV29: 10 | DW29: 10 | DX29: 10 | DY29: 10 | DZ29: 10 | EA29: 10 | EB29: 10 | EC29: 10 | ED29: 10 | EE29: 10 | EF29: 10 | EG29: 10 | EH29: 10 | EI29: 10 | EJ29: 10 | EK29: 10 | EL29: 10 | EM29: 10 | EN29: 10 | EO29: 10 | EP29: 10 | EQ29: 10 | ER29: =IFERROR(INT(FIXED(TRUNC(AVERAGE(DP29:EQ29),2),0)),"") -> 10 | ES29: =IF(OR(Y29="",AO29="",BJ29="",CG29="",DC29="",DO29=""),"",IFERROR(AVERAGE(Y29,AO29,BJ29,CG29,DC29,DO29),"")) -> 9.5 | ET29: S | EU29: S | EV29: S | EW29: S | EX29: S | EY29: S | EZ29: S | FA29: F | FB29: F | FC29: =IF(OR(ET29="",EU29="",EV29="",EW29="",EX29="",EY29="",EZ29="",FA29="",FB29=""),"",IF(FD29>=35,"A+",IF(FD29>=33,"A-",IF(FD29>=30,"B+",IF(FD29>=27,"B-",IF(FD29>=20,"C+",IF(FD29>=18,"C-",IF(FD29>=15,"D+",IF(FD29>=13,"D-",IF(FD29>=11,"E+",IF(FD29>=0,"E-"))))))))))) -> A- | FD29: =IF(ET29="S",4,IF(ET29="F",3,IF(ET29="O",2,IF(ET29="N",1))))+IF(EU29="S",4,IF(EU29="F",3,IF(EU29="O",2,IF(EU29="N",1))))+IF(EV29="S",4,IF(EV29="F",3,IF(EV29="O",2,IF(EV29="N",1))))+IF(EW29="S",4,IF(EW29="F",3,IF(EW29="O",2,IF(EW29="N",1))))+IF(EX29="S",4,IF(EX29="F",3,IF(EX29="O",2,IF(EX29="N",1))))+IF(EY29="S",4,IF(EY29="F",3,IF(EY29="O",2,IF(EY29="N",1))))+IF(EZ29="S",4,IF(EZ29="F",3,IF(EZ29="O",2,IF(EZ29="N",1))))+IF(FA29="S",4,IF(FA29="F",3,IF(FA29="O",2,IF(FA29="N",1))))+IF(FB29="S",4,IF(FB29="F",3,IF(FB29="O",2,IF(FB29="N",1)))) -> 34 | FE29: =IF(FC29="","",FC29) -> A- | FH29: 0
B30: 13 | C30: =IF(NOTAS!E33>"",NOTAS!E33,"") -> GUILLEN ABRIL JEOVANNY EMMANUEL | G30: 9 | H30: 10 | I30: 7 | J30: 10 | K30: 10 | L30: 10 | M30: 10 | N30: 10 | O30: 10 | P30: 10 | Q30: 10 | R30: 10 | S30: 8 | T30: 10 | U30: 10 | V30: 10 | W30: 10 | X30: 10 | Y30: =IFERROR(INT(FIXED(TRUNC(AVERAGE(G30:X30),2),0)),"") -> 10 | Z30: 10 | AA30: 10 | AB30: 10 | AC30: 10 | AD30: 10 | AE30: 10 | AF30: 10 | AG30: 10 | AH30: 8 | AI30: 8 | AJ30: 10 | AK30: 10 | AL30: 10 | AM30: 10 | AN30: 10 | AO30: =IFERROR(INT(FIXED(TRUNC(AVERAGE(Z30:AN30),2),0)),"") -> 10 | AP30: 10 | AQ30: 10 | AR30: 10 | AS30: 10 | AT30: 10 | AU30: 10 | AV30: 10 | AW30: 10 | AX30: 10 | AY30: 10 | AZ30: 10 | BA30: 10 | BB30: 10 | BC30: 10 | BD30: 10 | BE30: 10 | BF30: 10 | BG30: 10 | BH30: 10 | BI30: 10 | BJ30: =IFERROR(INT(FIXED(TRUNC(AVERAGE(AP30:BI30),2),0)),"") -> 10 | BK30: 10 | BL30: 10 | BM30: 10 | BN30: 10 | BO30: 10 | BP30: 10 | BQ30: 10 | BR30: 10 | BS30: 10 | BT30: 10 | BU30: 10 | BV30: 10 | BW30: 10 | BX30: 10 | BY30: 10 | BZ30: 10 | CA30: 10 | CB30: 10 | CC30: 10 | CD30: 10 | CE30: 10 | CF30: 10 | CG30: =IFERROR(INT(FIXED(TRUNC(AVERAGE(BK30:CF30),2),0)),"") -> 10 | CH30: 10 | CI30: 10 | CJ30: 10 | CK30: 10 | CL30: 10 | CM30: 10 | CN30: 10 | CO30: 10 | CP30: 10 | CQ30: 10 | CR30: 10 | CS30: 10 | CT30: 10 | CU30: 10 | CV30: 10 | CW30: 10 | CX30: 10 | CY30: 10 | CZ30: 10 | DA30: 10 | DB30: 10 | DC30: =IFERROR(INT(FIXED(TRUNC(AVERAGE(CH30:DB30),2),0)),"") -> 10 | DD30: 10 | DE30: 10 | DF30: 10 | DG30: 10 | DH30: 10 | DI30: 10 | DJ30: 10 | DK30: 10 | DL30: 10 | DM30: 10 | DN30: 10 | DO30: =IFERROR(INT(FIXED(TRUNC(AVERAGE(DD30:DN30),2),0)),"") -> 10 | DP30: 10 | DQ30: 10 | DR30: 10 | DS30: 10 | DT30: 10 | DU30: 10 | DV30: 10 | DW30: 10 | DX30: 10 | DY30: 10 | DZ30: 10 | EA30: 10 | EB30: 10 | EC30: 10 | ED30: 10 | EE30: 10 | EF30: 10 | EG30: 10 | EH30: 10 | EI30: 10 | EJ30: 10 | EK30: 10 | EL30: 10 | EM30: 10 | EN30: 10 | EO30: 10 | EP30: 10 | EQ30: 10 | ER30: =IFERROR(INT(FIXED(TRUNC(AVERAGE(DP30:EQ30),2),0)),"") -> 10 | ES30: =IF(OR(Y30="",AO30="",BJ30="",CG30="",DC30="",DO30=""),"",IFERROR(AVERAGE(Y30,AO30,BJ30,CG30,DC30,DO30),"")) -> 10 | ET30: S | EU30: S | EV30: S | EW30: S | EX30: S | EY30: S | EZ30: S | FA30: S | FB30: F | FC30: =IF(OR(ET30="",EU30="",EV30="",EW30="",EX30="",EY30="",EZ30="",FA30="",FB30=""),"",IF(FD30>=35,"A+",IF(FD30>=33,"A-",IF(FD30>=30,"B+",IF(FD30>=27,"B-",IF(FD30>=20,"C+",IF(FD30>=18,"C-",IF(FD30>=15,"D+",IF(FD30>=13,"D-",IF(FD30>=11,"E+",IF(FD30>=0,"E-"))))))))))) -> A+ | FD30: =IF(ET30="S",4,IF(ET30="F",3,IF(ET30="O",2,IF(ET30="N",1))))+IF(EU30="S",4,IF(EU30="F",3,IF(EU30="O",2,IF(EU30="N",1))))+IF(EV30="S",4,IF(EV30="F",3,IF(EV30="O",2,IF(EV30="N",1))))+IF(EW30="S",4,IF(EW30="F",3,IF(EW30="O",2,IF(EW30="N",1))))+IF(EX30="S",4,IF(EX30="F",3,IF(EX30="O",2,IF(EX30="N",1))))+IF(EY30="S",4,IF(EY30="F",3,IF(EY30="O",2,IF(EY30="N",1))))+IF(EZ30="S",4,IF(EZ30="F",3,IF(EZ30="O",2,IF(EZ30="N",1))))+IF(FA30="S",4,IF(FA30="F",3,IF(FA30="O",2,IF(FA30="N",1))))+IF(FB30="S",4,IF(FB30="F",3,IF(FB30="O",2,IF(FB30="N",1)))) -> 35 | FE30: =IF(FC30="","",FC30) -> A+ | FH30: 0
B31: 14 | C31: =IF(NOTAS!E34>"",NOTAS!E34,"") -> LOOR ROLDAN HEYDAN YADIEL | G31: 7 | H31: 10 | I31: 7 | J31: 10 | K31: 8 | L31: 7 | M31: 10 | N31: 10 | O31: 7 | P31: 7 | Q31: 7 | R31: 10 | S31: 8 | T31: 7 | U31: 10 | V31: 7 | W31: 10 | X31: 10 | Y31: =IFERROR(INT(FIXED(TRUNC(AVERAGE(G31:X31),2),0)),"") -> 8 | Z31: 10 | AA31: 7 | AB31: 7 | AC31: 10 | AD31: 10 | AE31: 10 | AF31: 10 | AG31: 7 | AH31: 8 | AI31: 8 | AJ31: 10 | AK31: 7 | AL31: 10 | AM31: 7 | AN31: 8 | AO31: =IFERROR(INT(FIXED(TRUNC(AVERAGE(Z31:AN31),2),0)),"") -> 9 | AP31: 8 | AQ31: 8 | AR31: 8 | AS31: 8 | AT31: 8 | AU31: 8 | AV31: 8 | AW31: 8 | AX31: 8 | AY31: 8 | AZ31: 8 | BA31: 8 | BB31: 8 | BC31: 8 | BD31: 8 | BE31: 8 | BF31: 8 | BG31: 8 | BH31: 8 | BI31: 8 | BJ31: =IFERROR(INT(FIXED(TRUNC(AVERAGE(AP31:BI31),2),0)),"") -> 8 | BK31: 8 | BL31: 8 | BM31: 8 | BN31: 8 | BO31: 8 | BP31: 8 | BQ31: 8 | BR31: 8 | BS31: 8 | BT31: 8 | BU31: 8 | BV31: 8 | BW31: 8 | BX31: 8 | BY31: 8 | BZ31: 8 | CA31: 8 | CB31: 8 | CC31: 8 | CD31: 8 | CE31: 8 | CF31: 8 | CG31: =IFERROR(INT(FIXED(TRUNC(AVERAGE(BK31:CF31),2),0)),"") -> 8 | CH31: 7 | CI31: 7 | CJ31: 7 | CK31: 7 | CL31: 7 | CM31: 7 | CN31: 7 | CO31: 7 | CP31: 7 | CQ31: 7 | CR31: 7 | CS31: 7 | CT31: 7 | CU31: 7 | CV31: 7 | CW31: 7 | CX31: 7 | CY31: 7 | CZ31: 7 | DA31: 7 | DB31: 7 | DC31: =IFERROR(INT(FIXED(TRUNC(AVERAGE(CH31:DB31),2),0)),"") -> 7 | DD31: 7 | DE31: 7 | DF31: 10 | DG31: 10 | DH31: 10 | DI31: 10 | DJ31: 10 | DK31: 10 | DL31: 10 | DM31: 10 | DN31: 10 | DO31: =IFERROR(INT(FIXED(TRUNC(AVERAGE(DD31:DN31),2),0)),"") -> 9 | DP31: 8 | DQ31: 8 | DR31: 8 | DS31: 8 | DT31: 8 | DU31: 8 | DV31: 8 | DW31: 8 | DX31: 8 | DY31: 8 | DZ31: 8 | EA31: 8 | EB31: 8 | EC31: 8 | ED31: 8 | EE31: 8 | EF31: 8 | EG31: 8 | EH31: 8 | EI31: 8 | EJ31: 8 | EK31: 8 | EL31: 8 | EM31: 8 | EN31: 8 | EO31: 8 | EP31: 8 | EQ31: 8 | ER31: =IFERROR(INT(FIXED(TRUNC(AVERAGE(DP31:EQ31),2),0)),"") -> 8 | ES31: =IF(OR(Y31="",AO31="",BJ31="",CG31="",DC31="",DO31=""),"",IFERROR(AVERAGE(Y31,AO31,BJ31,CG31,DC31,DO31),"")) -> 8.1666667 | ET31: F | EU31: S | EV31: S | EW31: S | EX31: S | EY31: F | EZ31: S | FA31: F | FB31: F | FC31: =IF(OR(ET31="",EU31="",EV31="",EW31="",EX31="",EY31="",EZ31="",FA31="",FB31=""),"",IF(FD31>=35,"A+",IF(FD31>=33,"A-",IF(FD31>=30,"B+",IF(FD31>=27,"B-",IF(FD31>=20,"C+",IF(FD31>=18,"C-",IF(FD31>=15,"D+",IF(FD31>=13,"D-",IF(FD31>=11,"E+",IF(FD31>=0,"E-"))))))))))) -> B+ | FD31: =IF(ET31="S",4,IF(ET31="F",3,IF(ET31="O",2,IF(ET31="N",1))))+IF(EU31="S",4,IF(EU31="F",3,IF(EU31="O",2,IF(EU31="N",1))))+IF(EV31="S",4,IF(EV31="F",3,IF(EV31="O",2,IF(EV31="N",1))))+IF(EW31="S",4,IF(EW31="F",3,IF(EW31="O",2,IF(EW31="N",1))))+IF(EX31="S",4,IF(EX31="F",3,IF(EX31="O",2,IF(EX31="N",1))))+IF(EY31="S",4,IF(EY31="F",3,IF(EY31="O",2,IF(EY31="N",1))))+IF(EZ31="S",4,IF(EZ31="F",3,IF(EZ31="O",2,IF(EZ31="N",1))))+IF(FA31="S",4,IF(FA31="F",3,IF(FA31="O",2,IF(FA31="N",1))))+IF(FB31="S",4,IF(FB31="F",3,IF(FB31="O",2,IF(FB31="N",1)))) -> 32 | FE31: =IF(FC31="","",FC31) -> B+ | FH31: 0
B32: 15 | C32: =IF(NOTAS!E35>"",NOTAS!E35,"") -> LOPEZ PALLO GRACE SAMANTHA | G32: 9 | H32: 10 | I32: 7 | J32: 10 | K32: 10 | L32: 10 | M32: 10 | N32: 10 | O32: 10 | P32: 10 | Q32: 10 | R32: 10 | S32: 8 | T32: 10 | U32: 10 | V32: 10 | W32: 10 | X32: 10 | Y32: =IFERROR(INT(FIXED(TRUNC(AVERAGE(G32:X32),2),0)),"") -> 10 | Z32: 10 | AA32: 10 | AB32: 10 | AC32: 10 | AD32: 8 | AE32: 10 | AF32: 10 | AG32: 10 | AH32: 8 | AI32: 8 | AJ32: 10 | AK32: 10 | AL32: 10 | AM32: 7 | AN32: 10 | AO32: =IFERROR(INT(FIXED(TRUNC(AVERAGE(Z32:AN32),2),0)),"") -> 9 | AP32: 10 | AQ32: 10 | AR32: 10 | AS32: 10 | AT32: 10 | AU32: 10 | AV32: 10 | AW32: 10 | AX32: 10 | AY32: 10 | AZ32: 10 | BA32: 10 | BB32: 10 | BC32: 10 | BD32: 10 | BE32: 10 | BF32: 10 | BG32: 10 | BH32: 10 | BI32: 10 | BJ32: =IFERROR(INT(FIXED(TRUNC(AVERAGE(AP32:BI32),2),0)),"") -> 10 | BK32: 10 | BL32: 10 | BM32: 10 | BN32: 10 | BO32: 10 | BP32: 10 | BQ32: 10 | BR32: 10 | BS32: 10 | BT32: 10 | BU32: 10 | BV32: 10 | BW32: 10 | BX32: 10 | BY32: 10 | BZ32: 10 | CA32: 10 | CB32: 10 | CC32: 10 | CD32: 10 | CE32: 10 | CF32: 10 | CG32: =IFERROR(INT(FIXED(TRUNC(AVERAGE(BK32:CF32),2),0)),"") -> 10 | CH32: 8 | CI32: 8 | CJ32: 8 | CK32: 8 | CL32: 8 | CM32: 8 | CN32: 8 | CO32: 8 | CP32: 8 | CQ32: 8 | CR32: 8 | CS32: 8 | CT32: 8 | CU32: 8 | CV32: 8 | CW32: 8 | CX32: 8 | CY32: 8 | CZ32: 8 | DA32: 8 | DB32: 8 | DC32: =IFERROR(INT(FIXED(TRUNC(AVERAGE(CH32:DB32),2),0)),"") -> 8 | DD32: 10 | DE32: 10 | DF32: 10 | DG32: 10 | DH32: 10 | DI32: 10 | DJ32: 10 | DK32: 10 | DL32: 10 | DM32: 10 | DN32: 10 | DO32: =IFERROR(INT(FIXED(TRUNC(AVERAGE(DD32:DN32),2),0)),"") -> 10 | DP32: 8 | DQ32: 8 | DR32: 8 | DS32: 8 | DT32: 8 | DU32: 8 | DV32: 8 | DW32: 8 | DX32: 8 | DY32: 8 | DZ32: 8 | EA32: 8 | EB32: 8 | EC32: 8 | ED32: 8 | EE32: 8 | EF32: 8 | EG32: 8 | EH32: 8 | EI32: 8 | EJ32: 8 | EK32: 8 | EL32: 8 | EM32: 8 | EN32: 8 | EO32: 8 | EP32: 8 | EQ32: 8 | ER32: =IFERROR(INT(FIXED(TRUNC(AVERAGE(DP32:EQ32),2),0)),"") -> 8 | ES32: =IF(OR(Y32="",AO32="",BJ32="",CG32="",DC32="",DO32=""),"",IFERROR(AVERAGE(Y32,AO32,BJ32,CG32,DC32,DO32),"")) -> 9.5 | ET32: S | EU32: S | EV32: S | EW32: S | EX32: S | EY32: S | EZ32: S | FA32: S | FB32: S | FC32: =IF(OR(ET32="",EU32="",EV32="",EW32="",EX32="",EY32="",EZ32="",FA32="",FB32=""),"",IF(FD32>=35,"A+",IF(FD32>=33,"A-",IF(FD32>=30,"B+",IF(FD32>=27,"B-",IF(FD32>=20,"C+",IF(FD32>=18,"C-",IF(FD32>=15,"D+",IF(FD32>=13,"D-",IF(FD32>=11,"E+",IF(FD32>=0,"E-"))))))))))) -> A+ | FD32: =IF(ET32="S",4,IF(ET32="F",3,IF(ET32="O",2,IF(ET32="N",1))))+IF(EU32="S",4,IF(EU32="F",3,IF(EU32="O",2,IF(EU32="N",1))))+IF(EV32="S",4,IF(EV32="F",3,IF(EV32="O",2,IF(EV32="N",1))))+IF(EW32="S",4,IF(EW32="F",3,IF(EW32="O",2,IF(EW32="N",1))))+IF(EX32="S",4,IF(EX32="F",3,IF(EX32="O",2,IF(EX32="N",1))))+IF(EY32="S",4,IF(EY32="F",3,IF(EY32="O",2,IF(EY32="N",1))))+IF(EZ32="S",4,IF(EZ32="F",3,IF(EZ32="O",2,IF(EZ32="N",1))))+IF(FA32="S",4,IF(FA32="F",3,IF(FA32="O",2,IF(FA32="N",1))))+IF(FB32="S",4,IF(FB32="F",3,IF(FB32="O",2,IF(FB32="N",1)))) -> 36 | FE32: =IF(FC32="","",FC32) -> A+ | FH32: 10
B33: 16 | C33: =IF(NOTAS!E36>"",NOTAS!E36,"") -> MARIN CHAVEZ JULEISY BEDRIYE | G33: 9 | H33: 10 | I33: 7 | J33: 10 | K33: 10 | L33: 7 | M33: 10 | N33: 10 | O33: 7 | P33: 10 | Q33: 10 | R33: 10 | S33: 8 | T33: 10 | U33: 10 | V33: 10 | W33: 10 | X33: 10 | Y33: =IFERROR(INT(FIXED(TRUNC(AVERAGE(G33:X33),2),0)),"") -> 9 | Z33: 10 | AA33: 10 | AB33: 10 | AC33: 10 | AD33: 10 | AE33: 10 | AF33: 10 | AG33: 10 | AH33: 8 | AI33: 8 | AJ33: 10 | AK33: 10 | AL33: 10 | AM33: 7 | AN33: 10 | AO33: =IFERROR(INT(FIXED(TRUNC(AVERAGE(Z33:AN33),2),0)),"") -> 10 | AP33: 8 | AQ33: 8 | AR33: 8 | AS33: 8 | AT33: 8 | AU33: 8 | AV33: 8 | AW33: 8 | AX33: 8 | AY33: 8 | AZ33: 8 | BA33: 8 | BB33: 8 | BC33: 8 | BD33: 8 | BE33: 8 | BF33: 8 | BG33: 8 | BH33: 8 | BI33: 8 | BJ33: =IFERROR(INT(FIXED(TRUNC(AVERAGE(AP33:BI33),2),0)),"") -> 8 | BK33: 7 | BL33: 7 | BM33: 7 | BN33: 7 | BO33: 7 | BP33: 7 | BQ33: 7 | BR33: 7 | BS33: 7 | BT33: 7 | BU33: 7 | BV33: 7 | BW33: 7 | BX33: 7 | BY33: 7 | BZ33: 7 | CA33: 7 | CB33: 7 | CC33: 7 | CD33: 7 | CE33: 7 | CF33: 7 | CG33: =IFERROR(INT(FIXED(TRUNC(AVERAGE(BK33:CF33),2),0)),"") -> 7 | CH33: 7 | CI33: 7 | CJ33: 7 | CK33: 7 | CL33: 7 | CM33: 7 | CN33: 7 | CO33: 7 | CP33: 7 | CQ33: 7 | CR33: 7 | CS33: 7 | CT33: 7 | CU33: 7 | CV33: 7 | CW33: 7 | CX33: 7 | CY33: 7 | CZ33: 7 | DA33: 7 | DB33: 7 | DC33: =IFERROR(INT(FIXED(TRUNC(AVERAGE(CH33:DB33),2),0)),"") -> 7 | DD33: 7 | DE33: 7 | DF33: 7 | DG33: 7 | DH33: 7 | DI33: 7 | DJ33: 7 | DK33: 7 | DL33: 7 | DM33: 7 | DN33: 7 | DO33: =IFERROR(INT(FIXED(TRUNC(AVERAGE(DD33:DN33),2),0)),"") -> 7 | DP33: 8 | DQ33: 8 | DR33: 8 | DS33: 8 | DT33: 8 | DU33: 8 | DV33: 8 | DW33: 8 | DX33: 8 | DY33: 8 | DZ33: 8 | EA33: 8 | EB33: 8 | EC33: 8 | ED33: 8 | EE33: 8 | EF33: 8 | EG33: 8 | EH33: 8 | EI33: 8 | EJ33: 8 | EK33: 8 | EL33: 8 | EM33: 8 | EN33: 8 | EO33: 8 | EP33: 8 | EQ33: 8 | ER33: =IFERROR(INT(FIXED(TRUNC(AVERAGE(DP33:EQ33),2),0)),"") -> 8 | ES33: =IF(OR(Y33="",AO33="",BJ33="",CG33="",DC33="",DO33=""),"",IFERROR(AVERAGE(Y33,AO33,BJ33,CG33,DC33,DO33),"")) -> 8 | ET33: F | EU33: F | EV33: F | EW33: F | EX33: S | EY33: F | EZ33: F | FA33: F | FB33: F | FC33: =IF(OR(ET33="",EU33="",EV33="",EW33="",EX33="",EY33="",EZ33="",FA33="",FB33=""),"",IF(FD33>=35,"A+",IF(FD33>=33,"A-",IF(FD33>=30,"B+",IF(FD33>=27,"B-",IF(FD33>=20,"C+",IF(FD33>=18,"C-",IF(FD33>=15,"D+",IF(FD33>=13,"D-",IF(FD33>=11,"E+",IF(FD33>=0,"E-"))))))))))) -> B- | FD33: =IF(ET33="S",4,IF(ET33="F",3,IF(ET33="O",2,IF(ET33="N",1))))+IF(EU33="S",4,IF(EU33="F",3,IF(EU33="O",2,IF(EU33="N",1))))+IF(EV33="S",4,IF(EV33="F",3,IF(EV33="O",2,IF(EV33="N",1))))+IF(EW33="S",4,IF(EW33="F",3,IF(EW33="O",2,IF(EW33="N",1))))+IF(EX33="S",4,IF(EX33="F",3,IF(EX33="O",2,IF(EX33="N",1))))+IF(EY33="S",4,IF(EY33="F",3,IF(EY33="O",2,IF(EY33="N",1))))+IF(EZ33="S",4,IF(EZ33="F",3,IF(EZ33="O",2,IF(EZ33="N",1))))+IF(FA33="S",4,IF(FA33="F",3,IF(FA33="O",2,IF(FA33="N",1))))+IF(FB33="S",4,IF(FB33="F",3,IF(FB33="O",2,IF(FB33="N",1)))) -> 28 | FE33: =IF(FC33="","",FC33) -> B- | FH33: 0
B34: 17 | C34: =IF(NOTAS!E37>"",NOTAS!E37,"") -> MERA ZAMBRANO YADIEL ATES | G34: 9 | H34: 10 | I34: 7 | J34: 10 | K34: 10 | L34: 10 | M34: 10 | N34: 10 | O34: 8 | P34: 10 | Q34: 10 | R34: 10 | S34: 8 | T34: 10 | U34: 10 | V34: 10 | W34: 10 | X34: 10 | Y34: =IFERROR(INT(FIXED(TRUNC(AVERAGE(G34:X34),2),0)),"") -> 10 | Z34: 10 | AA34: 10 | AB34: 10 | AC34: 10 | AD34: 10 | AE34: 10 | AF34: 10 | AG34: 10 | AH34: 8 | AI34: 8 | AJ34: 10 | AK34: 10 | AL34: 10 | AM34: 7 | AN34: 10 | AO34: =IFERROR(INT(FIXED(TRUNC(AVERAGE(Z34:AN34),2),0)),"") -> 10 | AP34: 8 | AQ34: 8 | AR34: 8 | AS34: 8 | AT34: 8 | AU34: 8 | AV34: 8 | AW34: 8 | AX34: 8 | AY34: 8 | AZ34: 8 | BA34: 8 | BB34: 8 | BC34: 8 | BD34: 8 | BE34: 8 | BF34: 8 | BG34: 8 | BH34: 8 | BI34: 8 | BJ34: =IFERROR(INT(FIXED(TRUNC(AVERAGE(AP34:BI34),2),0)),"") -> 8 | BK34: 10 | BL34: 10 | BM34: 10 | BN34: 10 | BO34: 10 | BP34: 10 | BQ34: 10 | BR34: 10 | BS34: 10 | BT34: 10 | BU34: 10 | BV34: 10 | BW34: 10 | BX34: 10 | BY34: 10 | BZ34: 10 | CA34: 10 | CB34: 10 | CC34: 10 | CD34: 10 | CE34: 10 | CF34: 10 | CG34: =IFERROR(INT(FIXED(TRUNC(AVERAGE(BK34:CF34),2),0)),"") -> 10 | CH34: 10 | CI34: 10 | CJ34: 10 | CK34: 10 | CL34: 10 | CM34: 10 | CN34: 10 | CO34: 10 | CP34: 10 | CQ34: 10 | CR34: 10 | CS34: 10 | CT34: 10 | CU34: 10 | CV34: 10 | CW34: 10 | CX34: 10 | CY34: 10 | CZ34: 10 | DA34: 10 | DB34: 10 | DC34: =IFERROR(INT(FIXED(TRUNC(AVERAGE(CH34:DB34),2),0)),"") -> 10 | DD34: 10 | DE34: 10 | DF34: 10 | DG34: 10 | DH34: 10 | DI34: 10 | DJ34: 10 | DK34: 10 | DL34: 10 | DM34: 10 | DN34: 10 | DO34: =IFERROR(INT(FIXED(TRUNC(AVERAGE(DD34:DN34),2),0)),"") -> 10 | DP34: 10 | DQ34: 10 | DR34: 10 | DS34: 10 | DT34: 10 | DU34: 10 | DV34: 10 | DW34: 10 | DX34: 10 | DY34: 10 | DZ34: 10 | EA34: 10 | EB34: 10 | EC34: 10 | ED34: 10 | EE34: 10 | EF34: 10 | EG34: 10 | EH34: 10 | EI34: 10 | EJ34: 10 | EK34: 10 | EL34: 10 | EM34: 10 | EN34: 10 | EO34: 10 | EP34: 10 | EQ34: 10 | ER34: =IFERROR(INT(FIXED(TRUNC(AVERAGE(DP34:EQ34),2),0)),"") -> 10 | ES34: =IF(OR(Y34="",AO34="",BJ34="",CG34="",DC34="",DO34=""),"",IFERROR(AVERAGE(Y34,AO34,BJ34,CG34,DC34,DO34),"")) -> 9.6666667 | ET34: S | EU34: S | EV34: S | EW34: S | EX34: S | EY34: S | EZ34: S | FA34: S | FB34: S | FC34: =IF(OR(ET34="",EU34="",EV34="",EW34="",EX34="",EY34="",EZ34="",FA34="",FB34=""),"",IF(FD34>=35,"A+",IF(FD34>=33,"A-",IF(FD34>=30,"B+",IF(FD34>=27,"B-",IF(FD34>=20,"C+",IF(FD34>=18,"C-",IF(FD34>=15,"D+",IF(FD34>=13,"D-",IF(FD34>=11,"E+",IF(FD34>=0,"E-"))))))))))) -> A+ | FD34: =IF(ET34="S",4,IF(ET34="F",3,IF(ET34="O",2,IF(ET34="N",1))))+IF(EU34="S",4,IF(EU34="F",3,IF(EU34="O",2,IF(EU34="N",1))))+IF(EV34="S",4,IF(EV34="F",3,IF(EV34="O",2,IF(EV34="N",1))))+IF(EW34="S",4,IF(EW34="F",3,IF(EW34="O",2,IF(EW34="N",1))))+IF(EX34="S",4,IF(EX34="F",3,IF(EX34="O",2,IF(EX34="N",1))))+IF(EY34="S",4,IF(EY34="F",3,IF(EY34="O",2,IF(EY34="N",1))))+IF(EZ34="S",4,IF(EZ34="F",3,IF(EZ34="O",2,IF(EZ34="N",1))))+IF(FA34="S",4,IF(FA34="F",3,IF(FA34="O",2,IF(FA34="N",1))))+IF(FB34="S",4,IF(FB34="F",3,IF(FB34="O",2,IF(FB34="N",1)))) -> 36 | FE34: =IF(FC34="","",FC34) -> A+ | FH34: 0
B35: 18 | C35: =IF(NOTAS!E38>"",NOTAS!E38,"") -> MORA QUINTEROS THIAGO JOSE | G35: 9 | H35: 10 | I35: 7 | J35: 7 | K35: 8 | L35: 10 | M35: 10 | N35: 10 | O35: 7 | P35: 7 | Q35: 7 | R35: 10 | S35: 8 | T35: 8 | U35: 10 | V35: 10 | W35: 10 | X35: 10 | Y35: =IFERROR(INT(FIXED(TRUNC(AVERAGE(G35:X35),2),0)),"") -> 9 | Z35: 7 | AA35: 7 | AB35: 7 | AC35: 7 | AD35: 7 | AE35: 7 | AF35: 7 | AG35: 7 | AH35: 7 | AI35: 7 | AJ35: 7 | AK35: 7 | AL35: 7 | AM35: 7 | AN35: 7 | AO35: =IFERROR(INT(FIXED(TRUNC(AVERAGE(Z35:AN35),2),0)),"") -> 7 | AP35: 7 | AQ35: 7 | AR35: 7 | AS35: 7 | AT35: 7 | AU35: 7 | AV35: 7 | AW35: 7 | AX35: 7 | AY35: 7 | AZ35: 7 | BA35: 7 | BB35: 7 | BC35: 7 | BD35: 7 | BE35: 7 | BF35: 7 | BG35: 7 | BH35: 7 | BI35: 7 | BJ35: =IFERROR(INT(FIXED(TRUNC(AVERAGE(AP35:BI35),2),0)),"") -> 7 | BK35: 8 | BL35: 8 | BM35: 8 | BN35: 8 | BO35: 8 | BP35: 8 | BQ35: 8 | BR35: 8 | BS35: 8 | BT35: 8 | BU35: 8 | BV35: 8 | BW35: 8 | BX35: 8 | BY35: 8 | BZ35: 8 | CA35: 8 | CB35: 8 | CC35: 8 | CD35: 8 | CE35: 8 | CF35: 8 | CG35: =IFERROR(INT(FIXED(TRUNC(AVERAGE(BK35:CF35),2),0)),"") -> 8 | CH35: 10 | CI35: 10 | CJ35: 10 | CK35: 10 | CL35: 10 | CM35: 10 | CN35: 10 | CO35: 10 | CP35: 10 | CQ35: 10 | CR35: 10 | CS35: 10 | CT35: 10 | CU35: 10 | CV35: 10 | CW35: 10 | CX35: 10 | CY35: 10 | CZ35: 10 | DA35: 10 | DB35: 10 | DC35: =IFERROR(INT(FIXED(TRUNC(AVERAGE(CH35:DB35),2),0)),"") -> 10 | DD35: 10 | DE35: 10 | DF35: 10 | DG35: 10 | DH35: 10 | DI35: 10 | DJ35: 10 | DK35: 10 | DL35: 10 | DM35: 10 | DN35: 10 | DO35: =IFERROR(INT(FIXED(TRUNC(AVERAGE(DD35:DN35),2),0)),"") -> 10 | DP35: 10 | DQ35: 10 | DR35: 10 | DS35: 10 | DT35: 10 | DU35: 10 | DV35: 10 | DW35: 10 | DX35: 10 | DY35: 10 | DZ35: 10 | EA35: 10 | EB35: 10 | EC35: 10 | ED35: 10 | EE35: 10 | EF35: 10 | EG35: 10 | EH35: 10 | EI35: 10 | EJ35: 10 | EK35: 10 | EL35: 10 | EM35: 10 | EN35: 10 | EO35: 10 | EP35: 10 | EQ35: 10 | ER35: =IFERROR(INT(FIXED(TRUNC(AVERAGE(DP35:EQ35),2),0)),"") -> 10 | ES35: =IF(OR(Y35="",AO35="",BJ35="",CG35="",DC35="",DO35=""),"",IFERROR(AVERAGE(Y35,AO35,BJ35,CG35,DC35,DO35),"")) -> 8.5 | ET35: S | EU35: S | EV35: S | EW35: S | EX35: S | EY35: F | EZ35: F | FA35: F | FB35: F | FC35: =IF(OR(ET35="",EU35="",EV35="",EW35="",EX35="",EY35="",EZ35="",FA35="",FB35=""),"",IF(FD35>=35,"A+",IF(FD35>=33,"A-",IF(FD35>=30,"B+",IF(FD35>=27,"B-",IF(FD35>=20,"C+",IF(FD35>=18,"C-",IF(FD35>=15,"D+",IF(FD35>=13,"D-",IF(FD35>=11,"E+",IF(FD35>=0,"E-"))))))))))) -> B+ | FD35: =IF(ET35="S",4,IF(ET35="F",3,IF(ET35="O",2,IF(ET35="N",1))))+IF(EU35="S",4,IF(EU35="F",3,IF(EU35="O",2,IF(EU35="N",1))))+IF(EV35="S",4,IF(EV35="F",3,IF(EV35="O",2,IF(EV35="N",1))))+IF(EW35="S",4,IF(EW35="F",3,IF(EW35="O",2,IF(EW35="N",1))))+IF(EX35="S",4,IF(EX35="F",3,IF(EX35="O",2,IF(EX35="N",1))))+IF(EY35="S",4,IF(EY35="F",3,IF(EY35="O",2,IF(EY35="N",1))))+IF(EZ35="S",4,IF(EZ35="F",3,IF(EZ35="O",2,IF(EZ35="N",1))))+IF(FA35="S",4,IF(FA35="F",3,IF(FA35="O",2,IF(FA35="N",1))))+IF(FB35="S",4,IF(FB35="F",3,IF(FB35="O",2,IF(FB35="N",1)))) -> 32 | FE35: =IF(FC35="","",FC35) -> B+ | FH35: 0
B36: 19 | C36: =IF(NOTAS!E39>"",NOTAS!E39,"") -> PAREDES GUANOLUISA KENDRA ESTEFANIA | G36: 9 | H36: 10 | I36: 7 | J36: 10 | K36: 10 | L36: 10 | M36: 10 | N36: 10 | O36: 10 | P36: 10 | Q36: 10 | R36: 10 | S36: 8 | T36: 10 | U36: 10 | V36: 10 | W36: 10 | X36: 10 | Y36: =IFERROR(INT(FIXED(TRUNC(AVERAGE(G36:X36),2),0)),"") -> 10 | Z36: 10 | AA36: 10 | AB36: 10 | AC36: 10 | AD36: 10 | AE36: 10 | AF36: 10 | AG36: 10 | AH36: 8 | AI36: 8 | AJ36: 10 | AK36: 10 | AL36: 10 | AM36: 7 | AN36: 10 | AO36: =IFERROR(INT(FIXED(TRUNC(AVERAGE(Z36:AN36),2),0)),"") -> 10 | AP36: 9 | AQ36: 9 | AR36: 9 | AS36: 9 | AT36: 9 | AU36: 9 | AV36: 9 | AW36: 9 | AX36: 9 | AY36: 9 | AZ36: 9 | BA36: 9 | BB36: 9 | BC36: 9 | BD36: 9 | BE36: 9 | BF36: 9 | BG36: 9 | BH36: 9 | BI36: 9 | BJ36: =IFERROR(INT(FIXED(TRUNC(AVERAGE(AP36:BI36),2),0)),"") -> 9 | BK36: 10 | BL36: 10 | BM36: 10 | BN36: 10 | BO36: 10 | BP36: 10 | BQ36: 10 | BR36: 10 | BS36: 10 | BT36: 10 | BU36: 10 | BV36: 10 | BW36: 10 | BX36: 10 | BY36: 10 | BZ36: 10 | CA36: 10 | CB36: 10 | CC36: 10 | CD36: 10 | CE36: 10 | CF36: 10 | CG36: =IFERROR(INT(FIXED(TRUNC(AVERAGE(BK36:CF36),2),0)),"") -> 10 | CH36: 10 | CI36: 10 | CJ36: 10 | CK36: 10 | CL36: 10 | CM36: 10 | CN36: 10 | CO36: 10 | CP36: 10 | CQ36: 10 | CR36: 10 | CS36: 10 | CT36: 10 | CU36: 10 | CV36: 10 | CW36: 10 | CX36: 10 | CY36: 10 | CZ36: 10 | DA36: 10 | DB36: 10 | DC36: =IFERROR(INT(FIXED(TRUNC(AVERAGE(CH36:DB36),2),0)),"") -> 10 | DD36: 10 | DE36: 10 | DF36: 10 | DG36: 10 | DH36: 10 | DI36: 10 | DJ36: 10 | DK36: 10 | DL36: 10 | DM36: 10 | DN36: 10 | DO36: =IFERROR(INT(FIXED(TRUNC(AVERAGE(DD36:DN36),2),0)),"") -> 10 | DP36: 10 | DQ36: 10 | DR36: 10 | DS36: 10 | DT36: 10 | DU36: 10 | DV36: 10 | DW36: 10 | DX36: 10 | DY36: 10 | DZ36: 10 | EA36: 10 | EB36: 10 | EC36: 10 | ED36: 10 | EE36: 10 | EF36: 10 | EG36: 10 | EH36: 10 | EI36: 10 | EJ36: 10 | EK36: 10 | EL36: 10 | EM36: 10 | EN36: 10 | EO36: 10 | EP36: 10 | EQ36: 10 | ER36: =IFERROR(INT(FIXED(TRUNC(AVERAGE(DP36:EQ36),2),0)),"") -> 10 | ES36: =IF(OR(Y36="",AO36="",BJ36="",CG36="",DC36="",DO36=""),"",IFERROR(AVERAGE(Y36,AO36,BJ36,CG36,DC36,DO36),"")) -> 9.8333333 | ET36: S | EU36: S | EV36: S | EW36: S | EX36: S | EY36: S | EZ36: S | FA36: S | FB36: S | FC36: =IF(OR(ET36="",EU36="",EV36="",EW36="",EX36="",EY36="",EZ36="",FA36="",FB36=""),"",IF(FD36>=35,"A+",IF(FD36>=33,"A-",IF(FD36>=30,"B+",IF(FD36>=27,"B-",IF(FD36>=20,"C+",IF(FD36>=18,"C-",IF(FD36>=15,"D+",IF(FD36>=13,"D-",IF(FD36>=11,"E+",IF(FD36>=0,"E-"))))))))))) -> A+ | FD36: =IF(ET36="S",4,IF(ET36="F",3,IF(ET36="O",2,IF(ET36="N",1))))+IF(EU36="S",4,IF(EU36="F",3,IF(EU36="O",2,IF(EU36="N",1))))+IF(EV36="S",4,IF(EV36="F",3,IF(EV36="O",2,IF(EV36="N",1))))+IF(EW36="S",4,IF(EW36="F",3,IF(EW36="O",2,IF(EW36="N",1))))+IF(EX36="S",4,IF(EX36="F",3,IF(EX36="O",2,IF(EX36="N",1))))+IF(EY36="S",4,IF(EY36="F",3,IF(EY36="O",2,IF(EY36="N",1))))+IF(EZ36="S",4,IF(EZ36="F",3,IF(EZ36="O",2,IF(EZ36="N",1))))+IF(FA36="S",4,IF(FA36="F",3,IF(FA36="O",2,IF(FA36="N",1))))+IF(FB36="S",4,IF(FB36="F",3,IF(FB36="O",2,IF(FB36="N",1)))) -> 36 | FE36: =IF(FC36="","",FC36) -> A+ | FH36: 10
... B39: 22 | C39: =IF(NOTAS!E42>"",NOTAS!E42,"") -> RUIZ VILLAMARIN EMIR SAUL | G39: 9 | H39: 10 | I39: 7 | J39: 7 | K39: 7 | L39: 10 | M39: 10 | N39: 10 | O39: 10 | P39: 7 | Q39: 7 | R39: 10 | S39: 8 | T39: 8 | U39: 10 | V39: 10 | W39: 10 | X39: 10 | Y39: =IFERROR(INT(FIXED(TRUNC(AVERAGE(G39:X39),2),0)),"") -> 9 | Z39: 7 | AA39: 7 | AB39: 7 | AC39: 7 | AD39: 7 | AE39: 7 | AF39: 7 | AG39: 7 | AH39: 7 | AI39: 7 | AJ39: 7 | AK39: 7 | AL39: 7 | AM39: 7 | AN39: 7 | AO39: =IFERROR(INT(FIXED(TRUNC(AVERAGE(Z39:AN39),2),0)),"") -> 7 | AP39: 7 | AQ39: 7 | AR39: 7 | AS39: 7 | AT39: 7 | AU39: 7 | AV39: 7 | AW39: 7 | AX39: 7 | AY39: 7 | AZ39: 7 | BA39: 7 | BB39: 7 | BC39: 7 | BD39: 7 | BE39: 7 | BF39: 7 | BG39: 7 | BH39: 7 | BI39: 7 | BJ39: =IFERROR(INT(FIXED(TRUNC(AVERAGE(AP39:BI39),2),0)),"") -> 7 | BK39: 8 | BL39: 8 | BM39: 8 | BN39: 8 | BO39: 8 | BP39: 8 | BQ39: 8 | BR39: 8 | BS39: 8 | BT39: 8 | BU39: 8 | BV39: 8 | BW39: 8 | BX39: 8 | BY39: 8 | BZ39: 8 | CA39: 8 | CB39: 8 | CC39: 8 | CD39: 8 | CE39: 8 | CF39: 8 | CG39: =IFERROR(INT(FIXED(TRUNC(AVERAGE(BK39:CF39),2),0)),"") -> 8 | CH39: 8 | CI39: 8 | CJ39: 8 | CK39: 8 | CL39: 8 | CM39: 8 | CN39: 8 | CO39: 8 | CP39: 8 | CQ39: 8 | CR39: 8 | CS39: 8 | CT39: 8 | CU39: 8 | CV39: 8 | CW39: 8 | CX39: 8 | CY39: 8 | CZ39: 8 | DA39: 8 | DB39: 8 | DC39: =IFERROR(INT(FIXED(TRUNC(AVERAGE(CH39:DB39),2),0)),"") -> 8 | DD39: 10 | DE39: 10 | DF39: 10 | DG39: 10 | DH39: 10 | DI39: 10 | DJ39: 10 | DK39: 10 | DL39: 10 | DM39: 10 | DN39: 10 | DO39: =IFERROR(INT(FIXED(TRUNC(AVERAGE(DD39:DN39),2),0)),"") -> 10 | DP39: 10 | DQ39: 10 | DR39: 10 | DS39: 10 | DT39: 10 | DU39: 10 | DV39: 1 | DW39: 10 | DX39: 10 | DY39: 10 | DZ39: 10 | EA39: 10 | EB39: 10 | EC39: 10 | ED39: 10 | EE39: 10 | EF39: 10 | EG39: 10 | EH39: 10 | EI39: 10 | EJ39: 10 | EK39: 10 | EL39: 10 | EM39: 10 | EN39: 10 | EO39: 10 | EP39: 10 | EQ39: 10 | ER39: =IFERROR(INT(FIXED(TRUNC(AVERAGE(DP39:EQ39),2),0)),"") -> 10 | ES39: =IF(OR(Y39="",AO39="",BJ39="",CG39="",DC39="",DO39=""),"",IFERROR(AVERAGE(Y39,AO39,BJ39,CG39,DC39,DO39),"")) -> 8.1666667 | ET39: S | EU39: S | EV39: S | EW39: S | EX39: S | EY39: F | EZ39: F | FA39: F | FB39: F | FC39: =IF(OR(ET39="",EU39="",EV39="",EW39="",EX39="",EY39="",EZ39="",FA39="",FB39=""),"",IF(FD39>=35,"A+",IF(FD39>=33,"A-",IF(FD39>=30,"B+",IF(FD39>=27,"B-",IF(FD39>=20,"C+",IF(FD39>=18,"C-",IF(FD39>=15,"D+",IF(FD39>=13,"D-",IF(FD39>=11,"E+",IF(FD39>=0,"E-"))))))))))) -> B+ | FD39: =IF(ET39="S",4,IF(ET39="F",3,IF(ET39="O",2,IF(ET39="N",1))))+IF(EU39="S",4,IF(EU39="F",3,IF(EU39="O",2,IF(EU39="N",1))))+IF(EV39="S",4,IF(EV39="F",3,IF(EV39="O",2,IF(EV39="N",1))))+IF(EW39="S",4,IF(EW39="F",3,IF(EW39="O",2,IF(EW39="N",1))))+IF(EX39="S",4,IF(EX39="F",3,IF(EX39="O",2,IF(EX39="N",1))))+IF(EY39="S",4,IF(EY39="F",3,IF(EY39="O",2,IF(EY39="N",1))))+IF(EZ39="S",4,IF(EZ39="F",3,IF(EZ39="O",2,IF(EZ39="N",1))))+IF(FA39="S",4,IF(FA39="F",3,IF(FA39="O",2,IF(FA39="N",1))))+IF(FB39="S",4,IF(FB39="F",3,IF(FB39="O",2,IF(FB39="N",1)))) -> 32 | FE39: =IF(FC39="","",FC39) -> B+ | FH39: 0
B40: 23 | C40: =IF(NOTAS!E43>"",NOTAS!E43,"") -> SEGOVIA ELIZALDE ERICK ISAAC | G40: 9 | H40: 10 | I40: 7 | J40: 7 | K40: 7 | L40: 10 | M40: 10 | N40: 10 | O40: 10 | P40: 7 | Q40: 7 | R40: 10 | S40: 8 | T40: 7 | U40: 10 | V40: 10 | W40: 10 | X40: 10 | Y40: =IFERROR(INT(FIXED(TRUNC(AVERAGE(G40:X40),2),0)),"") -> 9 | Z40: 7 | AA40: 7 | AB40: 7 | AC40: 7 | AD40: 7 | AE40: 7 | AF40: 7 | AG40: 7 | AH40: 7 | AI40: 7 | AJ40: 7 | AK40: 7 | AL40: 7 | AM40: 7 | AN40: 7 | AO40: =IFERROR(INT(FIXED(TRUNC(AVERAGE(Z40:AN40),2),0)),"") -> 7 | AP40: 7 | AQ40: 7 | AR40: 7 | AS40: 7 | AT40: 7 | AU40: 7 | AV40: 7 | AW40: 7 | AX40: 7 | AY40: 7 | AZ40: 7 | BA40: 7 | BB40: 7 | BC40: 7 | BD40: 7 | BE40: 7 | BF40: 7 | BG40: 7 | BH40: 7 | BI40: 7 | BJ40: =IFERROR(INT(FIXED(TRUNC(AVERAGE(AP40:BI40),2),0)),"") -> 7 | BK40: 10 | BL40: 10 | BM40: 10 | BN40: 10 | BO40: 10 | BP40: 10 | BQ40: 10 | BR40: 10 | BS40: 10 | BT40: 10 | BU40: 10 | BV40: 10 | BW40: 10 | BX40: 10 | BY40: 10 | BZ40: 10 | CA40: 10 | CB40: 10 | CC40: 10 | CD40: 10 | CE40: 10 | CF40: 10 | CG40: =IFERROR(INT(FIXED(TRUNC(AVERAGE(BK40:CF40),2),0)),"") -> 10 | CH40: 10 | CI40: 10 | CJ40: 10 | CK40: 10 | CL40: 10 | CM40: 10 | CN40: 10 | CO40: 10 | CP40: 10 | CQ40: 10 | CR40: 10 | CS40: 10 | CT40: 10 | CU40: 10 | CV40: 10 | CW40: 10 | CX40: 10 | CY40: 10 | CZ40: 10 | DA40: 10 | DB40: 10 | DC40: =IFERROR(INT(FIXED(TRUNC(AVERAGE(CH40:DB40),2),0)),"") -> 10 | DD40: 10 | DE40: 10 | DF40: 10 | DG40: 10 | DH40: 10 | DI40: 10 | DJ40: 10 | DK40: 10 | DL40: 10 | DM40: 10 | DN40: 10 | DO40: =IFERROR(INT(FIXED(TRUNC(AVERAGE(DD40:DN40),2),0)),"") -> 10 | DP40: 10 | DQ40: 10 | DR40: 10 | DS40: 10 | DT40: 10 | DU40: 10 | DV40: 10 | DW40: 10 | DX40: 10 | DY40: 10 | DZ40: 10 | EA40: 10 | EB40: 10 | EC40: 10 | ED40: 10 | EE40: 10 | EF40: 10 | EG40: 10 | EH40: 10 | EI40: 10 | EJ40: 10 | EK40: 10 | EL40: 10 | EM40: 10 | EN40: 10 | EO40: 10 | EP40: 10 | EQ40: 10 | ER40: =IFERROR(INT(FIXED(TRUNC(AVERAGE(DP40:EQ40),2),0)),"") -> 10 | ES40: =IF(OR(Y40="",AO40="",BJ40="",CG40="",DC40="",DO40=""),"",IFERROR(AVERAGE(Y40,AO40,BJ40,CG40,DC40,DO40),"")) -> 8.8333333 | ET40: S | EU40: S | EV40: S | EW40: S | EX40: S | EY40: F | EZ40: F | FA40: F | FB40: F | FC40: =IF(OR(ET40="",EU40="",EV40="",EW40="",EX40="",EY40="",EZ40="",FA40="",FB40=""),"",IF(FD40>=35,"A+",IF(FD40>=33,"A-",IF(FD40>=30,"B+",IF(FD40>=27,"B-",IF(FD40>=20,"C+",IF(FD40>=18,"C-",IF(FD40>=15,"D+",IF(FD40>=13,"D-",IF(FD40>=11,"E+",IF(FD40>=0,"E-"))))))))))) -> B+ | FD40: =IF(ET40="S",4,IF(ET40="F",3,IF(ET40="O",2,IF(ET40="N",1))))+IF(EU40="S",4,IF(EU40="F",3,IF(EU40="O",2,IF(EU40="N",1))))+IF(EV40="S",4,IF(EV40="F",3,IF(EV40="O",2,IF(EV40="N",1))))+IF(EW40="S",4,IF(EW40="F",3,IF(EW40="O",2,IF(EW40="N",1))))+IF(EX40="S",4,IF(EX40="F",3,IF(EX40="O",2,IF(EX40="N",1))))+IF(EY40="S",4,IF(EY40="F",3,IF(EY40="O",2,IF(EY40="N",1))))+IF(EZ40="S",4,IF(EZ40="F",3,IF(EZ40="O",2,IF(EZ40="N",1))))+IF(FA40="S",4,IF(FA40="F",3,IF(FA40="O",2,IF(FA40="N",1))))+IF(FB40="S",4,IF(FB40="F",3,IF(FB40="O",2,IF(FB40="N",1)))) -> 32 | FE40: =IF(FC40="","",FC40) -> B+ | FF40: 3 | FH40: 0
B41: 24 | C41: =IF(NOTAS!E44>"",NOTAS!E44,"") -> VERNAZA CERVANTES KEYLER JHAIR | G41: 9 | H41: 10 | I41: 7 | J41: 7 | K41: 7 | L41: 7 | M41: 10 | N41: 10 | O41: 7 | P41: 7 | Q41: 7 | R41: 10 | S41: 8 | T41: 8 | U41: 10 | V41: 10 | W41: 10 | X41: 10 | Y41: =IFERROR(INT(FIXED(TRUNC(AVERAGE(G41:X41),2),0)),"") -> 9 | Z41: 7 | AA41: 7 | AB41: 7 | AC41: 7 | AD41: 7 | AE41: 7 | AF41: 7 | AG41: 7 | AH41: 7 | AI41: 7 | AJ41: 7 | AK41: 7 | AL41: 7 | AM41: 7 | AN41: 7 | AO41: =IFERROR(INT(FIXED(TRUNC(AVERAGE(Z41:AN41),2),0)),"") -> 7 | AP41: 7 | AQ41: 7 | AR41: 7 | AS41: 7 | AT41: 7 | AU41: 7 | AV41: 7 | AW41: 7 | AX41: 7 | AY41: 7 | AZ41: 7 | BA41: 7 | BB41: 7 | BC41: 7 | BD41: 7 | BE41: 7 | BF41: 7 | BG41: 7 | BH41: 7 | BI41: 7 | BJ41: =IFERROR(INT(FIXED(TRUNC(AVERAGE(AP41:BI41),2),0)),"") -> 7 | BK41: 8 | BL41: 8 | BM41: 8 | BN41: 8 | BO41: 8 | BP41: 8 | BQ41: 8 | BR41: 8 | BS41: 8 | BT41: 8 | BU41: 8 | BV41: 8 | BW41: 8 | BX41: 8 | BY41: 8 | BZ41: 8 | CA41: 8 | CB41: 8 | CC41: 8 | CD41: 8 | CE41: 8 | CF41: 8 | CG41: =IFERROR(INT(FIXED(TRUNC(AVERAGE(BK41:CF41),2),0)),"") -> 8 | CH41: 10 | CI41: 10 | CJ41: 10 | CK41: 10 | CL41: 10 | CM41: 10 | CN41: 10 | CO41: 10 | CP41: 10 | CQ41: 10 | CR41: 10 | CS41: 10 | CT41: 10 | CU41: 10 | CV41: 10 | CW41: 10 | CX41: 10 | CY41: 10 | CZ41: 10 | DA41: 10 | DB41: 10 | DC41: =IFERROR(INT(FIXED(TRUNC(AVERAGE(CH41:DB41),2),0)),"") -> 10 | DD41: 10 | DE41: 10 | DF41: 10 | DG41: 10 | DH41: 10 | DI41: 10 | DJ41: 10 | DK41: 10 | DL41: 10 | DM41: 10 | DN41: 10 | DO41: =IFERROR(INT(FIXED(TRUNC(AVERAGE(DD41:DN41),2),0)),"") -> 10 | EC41: 10 | ED41: 10 | EE41: 10 | EF41: 10 | EG41: 10 | EH41: 10 | EI41: 10 | EJ41: 10 | EK41: 10 | EL41: 10 | EM41: 10 | EN41: 10 | EO41: 10 | EP41: 10 | EQ41: 10 | ER41: =IFERROR(INT(FIXED(TRUNC(AVERAGE(DP41:EQ41),2),0)),"") -> 10 | ES41: =IF(OR(Y41="",AO41="",BJ41="",CG41="",DC41="",DO41=""),"",IFERROR(AVERAGE(Y41,AO41,BJ41,CG41,DC41,DO41),"")) -> 8.5 | ET41: S | EU41: S | EV41: S | EW41: S | EX41: S | EY41: F | EZ41: F | FA41: F | FB41: F | FC41: =IF(OR(ET41="",EU41="",EV41="",EW41="",EX41="",EY41="",EZ41="",FA41="",FB41=""),"",IF(FD41>=35,"A+",IF(FD41>=33,"A-",IF(FD41>=30,"B+",IF(FD41>=27,"B-",IF(FD41>=20,"C+",IF(FD41>=18,"C-",IF(FD41>=15,"D+",IF(FD41>=13,"D-",IF(FD41>=11,"E+",IF(FD41>=0,"E-"))))))))))) -> B+ | FD41: =IF(ET41="S",4,IF(ET41="F",3,IF(ET41="O",2,IF(ET41="N",1))))+IF(EU41="S",4,IF(EU41="F",3,IF(EU41="O",2,IF(EU41="N",1))))+IF(EV41="S",4,IF(EV41="F",3,IF(EV41="O",2,IF(EV41="N",1))))+IF(EW41="S",4,IF(EW41="F",3,IF(EW41="O",2,IF(EW41="N",1))))+IF(EX41="S",4,IF(EX41="F",3,IF(EX41="O",2,IF(EX41="N",1))))+IF(EY41="S",4,IF(EY41="F",3,IF(EY41="O",2,IF(EY41="N",1))))+IF(EZ41="S",4,IF(EZ41="F",3,IF(EZ41="O",2,IF(EZ41="N",1))))+IF(FA41="S",4,IF(FA41="F",3,IF(FA41="O",2,IF(FA41="N",1))))+IF(FB41="S",4,IF(FB41="F",3,IF(FB41="O",2,IF(FB41="N",1)))) -> 32 | FE41: =IF(FC41="","",FC41) -> B+ | FH41: 0
B42: 25 | C42: =IF(NOTAS!E45>"",NOTAS!E45,"") -> ZAMBRANO CEDEÑO LESLY GISELL | G42: 9 | H42: 10 | I42: 7 | J42: 10 | K42: 10 | L42: 10 | M42: 10 | N42: 10 | O42: 10 | P42: 10 | Q42: 10 | R42: 10 | S42: 8 | T42: 10 | U42: 10 | V42: 10 | W42: 10 | X42: 10 | Y42: =IFERROR(INT(FIXED(TRUNC(AVERAGE(G42:X42),2),0)),"") -> 10 | Z42: 10 | AA42: 10 | AB42: 10 | AC42: 10 | AD42: 10 | AE42: 10 | AF42: 10 | AG42: 10 | AH42: 8 | AI42: 8 | AJ42: 10 | AK42: 10 | AL42: 10 | AM42: 10 | AN42: 10 | AO42: =IFERROR(INT(FIXED(TRUNC(AVERAGE(Z42:AN42),2),0)),"") -> 10 | AP42: 10 | AQ42: 10 | AR42: 10 | AS42: 10 | AT42: 10 | AU42: 10 | AV42: 10 | AW42: 10 | AX42: 10 | AY42: 10 | AZ42: 10 | BA42: 10 | BB42: 10 | BC42: 10 | BD42: 10 | BE42: 10 | BF42: 10 | BG42: 10 | BH42: 10 | BI42: 10 | BJ42: =IFERROR(INT(FIXED(TRUNC(AVERAGE(AP42:BI42),2),0)),"") -> 10 | BK42: 10 | BL42: 10 | BM42: 10 | BN42: 10 | BO42: 10 | BP42: 10 | BQ42: 10 | BR42: 10 | BS42: 10 | BT42: 10 | BU42: 10 | BV42: 10 | BW42: 10 | BX42: 10 | BY42: 10 | BZ42: 10 | CA42: 10 | CB42: 10 | CC42: 10 | CD42: 10 | CE42: 10 | CF42: 10 | CG42: =IFERROR(INT(FIXED(TRUNC(AVERAGE(BK42:CF42),2),0)),"") -> 10 | CH42: 10 | CI42: 10 | CJ42: 10 | CK42: 10 | CL42: 10 | CM42: 10 | CN42: 10 | CO42: 10 | CP42: 10 | CQ42: 10 | CR42: 10 | CS42: 10 | CT42: 10 | CU42: 10 | CV42: 10 | CW42: 10 | CX42: 10 | CY42: 10 | CZ42: 10 | DA42: 10 | DB42: 10 | DC42: =IFERROR(INT(FIXED(TRUNC(AVERAGE(CH42:DB42),2),0)),"") -> 10 | DD42: 10 | DE42: 10 | DF42: 10 | DG42: 10 | DH42: 10 | DI42: 10 | DJ42: 10 | DK42: 10 | DL42: 10 | DM42: 10 | DN42: 10 | DO42: =IFERROR(INT(FIXED(TRUNC(AVERAGE(DD42:DN42),2),0)),"") -> 10 | EC42: 10 | ED42: 10 | EE42: 10 | EF42: 10 | EG42: 10 | EH42: 10 | EI42: 10 | EJ42: 10 | EK42: 10 | EL42: 10 | EM42: 10 | EN42: 10 | EO42: 10 | EP42: 10 | EQ42: 10 | ER42: =IFERROR(INT(FIXED(TRUNC(AVERAGE(DP42:EQ42),2),0)),"") -> 10 | ES42: =IF(OR(Y42="",AO42="",BJ42="",CG42="",DC42="",DO42=""),"",IFERROR(AVERAGE(Y42,AO42,BJ42,CG42,DC42,DO42),"")) -> 10 | ET42: S | EU42: S | EV42: S | EW42: S | EX42: S | EY42: S | EZ42: S | FA42: S | FB42: S | FC42: =IF(OR(ET42="",EU42="",EV42="",EW42="",EX42="",EY42="",EZ42="",FA42="",FB42=""),"",IF(FD42>=35,"A+",IF(FD42>=33,"A-",IF(FD42>=30,"B+",IF(FD42>=27,"B-",IF(FD42>=20,"C+",IF(FD42>=18,"C-",IF(FD42>=15,"D+",IF(FD42>=13,"D-",IF(FD42>=11,"E+",IF(FD42>=0,"E-"))))))))))) -> A+ | FD42: =IF(ET42="S",4,IF(ET42="F",3,IF(ET42="O",2,IF(ET42="N",1))))+IF(EU42="S",4,IF(EU42="F",3,IF(EU42="O",2,IF(EU42="N",1))))+IF(EV42="S",4,IF(EV42="F",3,IF(EV42="O",2,IF(EV42="N",1))))+IF(EW42="S",4,IF(EW42="F",3,IF(EW42="O",2,IF(EW42="N",1))))+IF(EX42="S",4,IF(EX42="F",3,IF(EX42="O",2,IF(EX42="N",1))))+IF(EY42="S",4,IF(EY42="F",3,IF(EY42="O",2,IF(EY42="N",1))))+IF(EZ42="S",4,IF(EZ42="F",3,IF(EZ42="O",2,IF(EZ42="N",1))))+IF(FA42="S",4,IF(FA42="F",3,IF(FA42="O",2,IF(FA42="N",1))))+IF(FB42="S",4,IF(FB42="F",3,IF(FB42="O",2,IF(FB42="N",1)))) -> 36 | FE42: =IF(FC42="","",FC42) -> A+ | FH42: 0
B43: 26 | C43: =IF(NOTAS!E46>"",NOTAS!E46,"") | Y43: =IFERROR(INT(FIXED(TRUNC(AVERAGE(G43:X43),2),0)),"") | AO43: =IFERROR(INT(FIXED(TRUNC(AVERAGE(Z43:AN43),2),0)),"") | BJ43: =IFERROR(INT(FIXED(TRUNC(AVERAGE(AP43:BI43),2),0)),"") | CG43: =IFERROR(INT(FIXED(TRUNC(AVERAGE(BK43:CF43),2),0)),"") | DC43: =IFERROR(INT(FIXED(TRUNC(AVERAGE(CH43:DB43),2),0)),"") | DO43: =IFERROR(INT(FIXED(TRUNC(AVERAGE(DD43:DN43),2),0)),"") | ER43: =IFERROR(INT(FIXED(TRUNC(AVERAGE(DP43:EQ43),2),0)),"") | ES43: =IF(OR(Y43="",AO43="",BJ43="",CG43="",DC43="",DO43=""),"",IFERROR(AVERAGE(Y43,AO43,BJ43,CG43,DC43,DO43),"")) | FC43: =IF(OR(ET43="",EU43="",EV43="",EW43="",EX43="",EY43="",EZ43="",FA43="",FB43=""),"",IF(FD43>=35,"A+",IF(FD43>=33,"A-",IF(FD43>=30,"B+",IF(FD43>=27,"B-",IF(FD43>=20,"C+",IF(FD43>=18,"C-",IF(FD43>=15,"D+",IF(FD43>=13,"D-",IF(FD43>=11,"E+",IF(FD43>=0,"E-"))))))))))) | FD43: =IF(ET43="S",4,IF(ET43="F",3,IF(ET43="O",2,IF(ET43="N",1))))+IF(EU43="S",4,IF(EU43="F",3,IF(EU43="O",2,IF(EU43="N",1))))+IF(EV43="S",4,IF(EV43="F",3,IF(EV43="O",2,IF(EV43="N",1))))+IF(EW43="S",4,IF(EW43="F",3,IF(EW43="O",2,IF(EW43="N",1))))+IF(EX43="S",4,IF(EX43="F",3,IF(EX43="O",2,IF(EX43="N",1))))+IF(EY43="S",4,IF(EY43="F",3,IF(EY43="O",2,IF(EY43="N",1))))+IF(EZ43="S",4,IF(EZ43="F",3,IF(EZ43="O",2,IF(EZ43="N",1))))+IF(FA43="S",4,IF(FA43="F",3,IF(FA43="O",2,IF(FA43="N",1))))+IF(FB43="S",4,IF(FB43="F",3,IF(FB43="O",2,IF(FB43="N",1)))) -> 0 | FE43: =IF(FC43="","",FC43)
B44: 27 | C44: =IF(NOTAS!E47>"",NOTAS!E47,"") | Y44: =IFERROR(INT(FIXED(TRUNC(AVERAGE(G44:X44),2),0)),"") | AO44: =IFERROR(INT(FIXED(TRUNC(AVERAGE(Z44:AN44),2),0)),"") | BJ44: =IFERROR(INT(FIXED(TRUNC(AVERAGE(AP44:BI44),2),0)),"") | CG44: =IFERROR(INT(FIXED(TRUNC(AVERAGE(BK44:CF44),2),0)),"") | DC44: =IFERROR(INT(FIXED(TRUNC(AVERAGE(CH44:DB44),2),0)),"") | DO44: =IFERROR(INT(FIXED(TRUNC(AVERAGE(DD44:DN44),2),0)),"") | ER44: =IFERROR(INT(FIXED(TRUNC(AVERAGE(DP44:EQ44),2),0)),"") | ES44: =IF(OR(Y44="",AO44="",BJ44="",CG44="",DC44="",DO44=""),"",IFERROR(AVERAGE(Y44,AO44,BJ44,CG44,DC44,DO44),"")) | FC44: =IF(OR(ET44="",EU44="",EV44="",EW44="",EX44="",EY44="",EZ44="",FA44="",FB44=""),"",IF(FD44>=35,"A+",IF(FD44>=33,"A-",IF(FD44>=30,"B+",IF(FD44>=27,"B-",IF(FD44>=20,"C+",IF(FD44>=18,"C-",IF(FD44>=15,"D+",IF(FD44>=13,"D-",IF(FD44>=11,"E+",IF(FD44>=0,"E-"))))))))))) | FD44: =IF(ET44="S",4,IF(ET44="F",3,IF(ET44="O",2,IF(ET44="N",1))))+IF(EU44="S",4,IF(EU44="F",3,IF(EU44="O",2,IF(EU44="N",1))))+IF(EV44="S",4,IF(EV44="F",3,IF(EV44="O",2,IF(EV44="N",1))))+IF(EW44="S",4,IF(EW44="F",3,IF(EW44="O",2,IF(EW44="N",1))))+IF(EX44="S",4,IF(EX44="F",3,IF(EX44="O",2,IF(EX44="N",1))))+IF(EY44="S",4,IF(EY44="F",3,IF(EY44="O",2,IF(EY44="N",1))))+IF(EZ44="S",4,IF(EZ44="F",3,IF(EZ44="O",2,IF(EZ44="N",1))))+IF(FA44="S",4,IF(FA44="F",3,IF(FA44="O",2,IF(FA44="N",1))))+IF(FB44="S",4,IF(FB44="F",3,IF(FB44="O",2,IF(FB44="N",1)))) -> 0 | FE44: =IF(FC44="","",FC44)
B45: 28 | C45: =IF(NOTAS!E48>"",NOTAS!E48,"") | Y45: =IFERROR(INT(FIXED(TRUNC(AVERAGE(G45:X45),2),0)),"") | AO45: =IFERROR(INT(FIXED(TRUNC(AVERAGE(Z45:AN45),2),0)),"") | BJ45: =IFERROR(INT(FIXED(TRUNC(AVERAGE(AP45:BI45),2),0)),"") | CG45: =IFERROR(INT(FIXED(TRUNC(AVERAGE(BK45:CF45),2),0)),"") | DC45: =IFERROR(INT(FIXED(TRUNC(AVERAGE(CH45:DB45),2),0)),"") | DO45: =IFERROR(INT(FIXED(TRUNC(AVERAGE(DD45:DN45),2),0)),"") | ER45: =IFERROR(INT(FIXED(TRUNC(AVERAGE(DP45:EQ45),2),0)),"") | ES45: =IF(OR(Y45="",AO45="",BJ45="",CG45="",DC45="",DO45=""),"",IFERROR(AVERAGE(Y45,AO45,BJ45,CG45,DC45,DO45),"")) | FC45: =IF(OR(ET45="",EU45="",EV45="",EW45="",EX45="",EY45="",EZ45="",FA45="",FB45=""),"",IF(FD45>=35,"A+",IF(FD45>=33,"A-",IF(FD45>=30,"B+",IF(FD45>=27,"B-",IF(FD45>=20,"C+",IF(FD45>=18,"C-",IF(FD45>=15,"D+",IF(FD45>=13,"D-",IF(FD45>=11,"E+",IF(FD45>=0,"E-"))))))))))) | FD45: =IF(ET45="S",4,IF(ET45="F",3,IF(ET45="O",2,IF(ET45="N",1))))+IF(EU45="S",4,IF(EU45="F",3,IF(EU45="O",2,IF(EU45="N",1))))+IF(EV45="S",4,IF(EV45="F",3,IF(EV45="O",2,IF(EV45="N",1))))+IF(EW45="S",4,IF(EW45="F",3,IF(EW45="O",2,IF(EW45="N",1))))+IF(EX45="S",4,IF(EX45="F",3,IF(EX45="O",2,IF(EX45="N",1))))+IF(EY45="S",4,IF(EY45="F",3,IF(EY45="O",2,IF(EY45="N",1))))+IF(EZ45="S",4,IF(EZ45="F",3,IF(EZ45="O",2,IF(EZ45="N",1))))+IF(FA45="S",4,IF(FA45="F",3,IF(FA45="O",2,IF(FA45="N",1))))+IF(FB45="S",4,IF(FB45="F",3,IF(FB45="O",2,IF(FB45="N",1)))) -> 0 | FE45: =IF(FC45="","",FC45)
B46: 29 | C46: =IF(NOTAS!E49>"",NOTAS!E49,"") | Y46: =IFERROR(INT(FIXED(TRUNC(AVERAGE(G46:X46),2),0)),"") | AO46: =IFERROR(INT(FIXED(TRUNC(AVERAGE(Z46:AN46),2),0)),"") | BJ46: =IFERROR(INT(FIXED(TRUNC(AVERAGE(AP46:BI46),2),0)),"") | CG46: =IFERROR(INT(FIXED(TRUNC(AVERAGE(BK46:CF46),2),0)),"") | DC46: =IFERROR(INT(FIXED(TRUNC(AVERAGE(CH46:DB46),2),0)),"") | DO46: =IFERROR(INT(FIXED(TRUNC(AVERAGE(DD46:DN46),2),0)),"") | ER46: =IFERROR(INT(FIXED(TRUNC(AVERAGE(DP46:EQ46),2),0)),"") | ES46: =IF(OR(Y46="",AO46="",BJ46="",CG46="",DC46="",DO46=""),"",IFERROR(AVERAGE(Y46,AO46,BJ46,CG46,DC46,DO46),"")) | FC46: =IF(OR(ET46="",EU46="",EV46="",EW46="",EX46="",EY46="",EZ46="",FA46="",FB46=""),"",IF(FD46>=35,"A+",IF(FD46>=33,"A-",IF(FD46>=30,"B+",IF(FD46>=27,"B-",IF(FD46>=20,"C+",IF(FD46>=18,"C-",IF(FD46>=15,"D+",IF(FD46>=13,"D-",IF(FD46>=11,"E+",IF(FD46>=0,"E-"))))))))))) | FD46: =IF(ET46="S",4,IF(ET46="F",3,IF(ET46="O",2,IF(ET46="N",1))))+IF(EU46="S",4,IF(EU46="F",3,IF(EU46="O",2,IF(EU46="N",1))))+IF(EV46="S",4,IF(EV46="F",3,IF(EV46="O",2,IF(EV46="N",1))))+IF(EW46="S",4,IF(EW46="F",3,IF(EW46="O",2,IF(EW46="N",1))))+IF(EX46="S",4,IF(EX46="F",3,IF(EX46="O",2,IF(EX46="N",1))))+IF(EY46="S",4,IF(EY46="F",3,IF(EY46="O",2,IF(EY46="N",1))))+IF(EZ46="S",4,IF(EZ46="F",3,IF(EZ46="O",2,IF(EZ46="N",1))))+IF(FA46="S",4,IF(FA46="F",3,IF(FA46="O",2,IF(FA46="N",1))))+IF(FB46="S",4,IF(FB46="F",3,IF(FB46="O",2,IF(FB46="N",1)))) -> 0 | FE46: =IF(FC46="","",FC46)
B47: 30 | C47: =IF(NOTAS!E50>"",NOTAS!E50,"") | Y47: =IFERROR(INT(FIXED(TRUNC(AVERAGE(G47:X47),2),0)),"") | AO47: =IFERROR(INT(FIXED(TRUNC(AVERAGE(Z47:AN47),2),0)),"") | BJ47: =IFERROR(INT(FIXED(TRUNC(AVERAGE(AP47:BI47),2),0)),"") | CG47: =IFERROR(INT(FIXED(TRUNC(AVERAGE(BK47:CF47),2),0)),"") | DC47: =IFERROR(INT(FIXED(TRUNC(AVERAGE(CH47:DB47),2),0)),"") | DO47: =IFERROR(INT(FIXED(TRUNC(AVERAGE(DD47:DN47),2),0)),"") | ER47: =IFERROR(INT(FIXED(TRUNC(AVERAGE(DP47:EQ47),2),0)),"") | ES47: =IF(OR(Y47="",AO47="",BJ47="",CG47="",DC47="",DO47=""),"",IFERROR(AVERAGE(Y47,AO47,BJ47,CG47,DC47,DO47),"")) | FC47: =IF(OR(ET47="",EU47="",EV47="",EW47="",EX47="",EY47="",EZ47="",FA47="",FB47=""),"",IF(FD47>=35,"A+",IF(FD47>=33,"A-",IF(FD47>=30,"B+",IF(FD47>=27,"B-",IF(FD47>=20,"C+",IF(FD47>=18,"C-",IF(FD47>=15,"D+",IF(FD47>=13,"D-",IF(FD47>=11,"E+",IF(FD47>=0,"E-"))))))))))) | FD47: =IF(ET47="S",4,IF(ET47="F",3,IF(ET47="O",2,IF(ET47="N",1))))+IF(EU47="S",4,IF(EU47="F",3,IF(EU47="O",2,IF(EU47="N",1))))+IF(EV47="S",4,IF(EV47="F",3,IF(EV47="O",2,IF(EV47="N",1))))+IF(EW47="S",4,IF(EW47="F",3,IF(EW47="O",2,IF(EW47="N",1))))+IF(EX47="S",4,IF(EX47="F",3,IF(EX47="O",2,IF(EX47="N",1))))+IF(EY47="S",4,IF(EY47="F",3,IF(EY47="O",2,IF(EY47="N",1))))+IF(EZ47="S",4,IF(EZ47="F",3,IF(EZ47="O",2,IF(EZ47="N",1))))+IF(FA47="S",4,IF(FA47="F",3,IF(FA47="O",2,IF(FA47="N",1))))+IF(FB47="S",4,IF(FB47="F",3,IF(FB47="O",2,IF(FB47="N",1)))) -> 0 | FE47: =IF(FC47="","",FC47)
B48: 31 | C48: =IF(NOTAS!E51>"",NOTAS!E51,"") | Y48: =IFERROR(INT(FIXED(TRUNC(AVERAGE(G48:X48),2),0)),"") | AO48: =IFERROR(INT(FIXED(TRUNC(AVERAGE(Z48:AN48),2),0)),"") | BJ48: =IFERROR(INT(FIXED(TRUNC(AVERAGE(AP48:BI48),2),0)),"") | CG48: =IFERROR(INT(FIXED(TRUNC(AVERAGE(BK48:CF48),2),0)),"") | DC48: =IFERROR(INT(FIXED(TRUNC(AVERAGE(CH48:DB48),2),0)),"") | DO48: =IFERROR(INT(FIXED(TRUNC(AVERAGE(DD48:DN48),2),0)),"") | ER48: =IFERROR(INT(FIXED(TRUNC(AVERAGE(DP48:EQ48),2),0)),"") | ES48: =IF(OR(Y48="",AO48="",BJ48="",CG48="",DC48="",DO48=""),"",IFERROR(AVERAGE(Y48,AO48,BJ48,CG48,DC48,DO48),"")) | FC48: =IF(OR(ET48="",EU48="",EV48="",EW48="",EX48="",EY48="",EZ48="",FA48="",FB48=""),"",IF(FD48>=35,"A+",IF(FD48>=33,"A-",IF(FD48>=30,"B+",IF(FD48>=27,"B-",IF(FD48>=20,"C+",IF(FD48>=18,"C-",IF(FD48>=15,"D+",IF(FD48>=13,"D-",IF(FD48>=11,"E+",IF(FD48>=0,"E-"))))))))))) | FD48: =IF(ET48="S",4,IF(ET48="F",3,IF(ET48="O",2,IF(ET48="N",1))))+IF(EU48="S",4,IF(EU48="F",3,IF(EU48="O",2,IF(EU48="N",1))))+IF(EV48="S",4,IF(EV48="F",3,IF(EV48="O",2,IF(EV48="N",1))))+IF(EW48="S",4,IF(EW48="F",3,IF(EW48="O",2,IF(EW48="N",1))))+IF(EX48="S",4,IF(EX48="F",3,IF(EX48="O",2,IF(EX48="N",1))))+IF(EY48="S",4,IF(EY48="F",3,IF(EY48="O",2,IF(EY48="N",1))))+IF(EZ48="S",4,IF(EZ48="F",3,IF(EZ48="O",2,IF(EZ48="N",1))))+IF(FA48="S",4,IF(FA48="F",3,IF(FA48="O",2,IF(FA48="N",1))))+IF(FB48="S",4,IF(FB48="F",3,IF(FB48="O",2,IF(FB48="N",1)))) -> 0 | FE48: =IF(FC48="","",FC48)
B49: 32 | C49: =IF(NOTAS!XBX52<>"",NOTAS!XBX52,"") | Y49: =IFERROR(INT(FIXED(TRUNC(AVERAGE(G49:X49),2),0)),"") | AO49: =IFERROR(INT(FIXED(TRUNC(AVERAGE(Z49:AN49),2),0)),"") | BJ49: =IFERROR(INT(FIXED(TRUNC(AVERAGE(AP49:BI49),2),0)),"") | CG49: =IFERROR(INT(FIXED(TRUNC(AVERAGE(BK49:CF49),2),0)),"") | DC49: =IFERROR(INT(FIXED(TRUNC(AVERAGE(CH49:DB49),2),0)),"") | DO49: =IFERROR(INT(FIXED(TRUNC(AVERAGE(DD49:DN49),2),0)),"") | ER49: =IFERROR(INT(FIXED(TRUNC(AVERAGE(DP49:EQ49),2),0)),"") | ES49: =IF(OR(Y49="",AO49="",BJ49="",CG49="",DC49="",DO49=""),"",IFERROR(AVERAGE(Y49,AO49,BJ49,CG49,DC49,DO49),"")) | FC49: =IF(OR(ET49="",EU49="",EV49="",EW49="",EX49="",EY49="",EZ49="",FA49="",FB49=""),"",IF(FD49>=35,"A+",IF(FD49>=33,"A-",IF(FD49>=30,"B+",IF(FD49>=27,"B-",IF(FD49>=20,"C+",IF(FD49>=18,"C-",IF(FD49>=15,"D+",IF(FD49>=13,"D-",IF(FD49>=11,"E+",IF(FD49>=0,"E-"))))))))))) | FD49: =IF(ET49="S",4,IF(ET49="F",3,IF(ET49="O",2,IF(ET49="N",1))))+IF(EU49="S",4,IF(EU49="F",3,IF(EU49="O",2,IF(EU49="N",1))))+IF(EV49="S",4,IF(EV49="F",3,IF(EV49="O",2,IF(EV49="N",1))))+IF(EW49="S",4,IF(EW49="F",3,IF(EW49="O",2,IF(EW49="N",1))))+IF(EX49="S",4,IF(EX49="F",3,IF(EX49="O",2,IF(EX49="N",1))))+IF(EY49="S",4,IF(EY49="F",3,IF(EY49="O",2,IF(EY49="N",1))))+IF(EZ49="S",4,IF(EZ49="F",3,IF(EZ49="O",2,IF(EZ49="N",1))))+IF(FA49="S",4,IF(FA49="F",3,IF(FA49="O",2,IF(FA49="N",1))))+IF(FB49="S",4,IF(FB49="F",3,IF(FB49="O",2,IF(FB49="N",1)))) -> 0 | FE49: =IF(FC49="","",FC49)
B50: 33 | C50: =IF(NOTAS!XBX53<>"",NOTAS!XBX53,"") | Y50: =IFERROR(INT(FIXED(TRUNC(AVERAGE(G50:X50),2),0)),"") | AO50: =IFERROR(INT(FIXED(TRUNC(AVERAGE(Z50:AN50),2),0)),"") | BJ50: =IFERROR(INT(FIXED(TRUNC(AVERAGE(AP50:BI50),2),0)),"") | CG50: =IFERROR(INT(FIXED(TRUNC(AVERAGE(BK50:CF50),2),0)),"") | DC50: =IFERROR(INT(FIXED(TRUNC(AVERAGE(CH50:DB50),2),0)),"") | DO50: =IFERROR(INT(FIXED(TRUNC(AVERAGE(DD50:DN50),2),0)),"") | ER50: =IFERROR(INT(FIXED(TRUNC(AVERAGE(DP50:EQ50),2),0)),"") | ES50: =IF(OR(Y50="",AO50="",BJ50="",CG50="",DC50="",DO50=""),"",IFERROR(AVERAGE(Y50,AO50,BJ50,CG50,DC50,DO50),"")) | FC50: =IF(OR(ET50="",EU50="",EV50="",EW50="",EX50="",EY50="",EZ50="",FA50="",FB50=""),"",IF(FD50>=35,"A+",IF(FD50>=33,"A-",IF(FD50>=30,"B+",IF(FD50>=27,"B-",IF(FD50>=20,"C+",IF(FD50>=18,"C-",IF(FD50>=15,"D+",IF(FD50>=13,"D-",IF(FD50>=11,"E+",IF(FD50>=0,"E-"))))))))))) | FD50: =IF(ET50="S",4,IF(ET50="F",3,IF(ET50="O",2,IF(ET50="N",1))))+IF(EU50="S",4,IF(EU50="F",3,IF(EU50="O",2,IF(EU50="N",1))))+IF(EV50="S",4,IF(EV50="F",3,IF(EV50="O",2,IF(EV50="N",1))))+IF(EW50="S",4,IF(EW50="F",3,IF(EW50="O",2,IF(EW50="N",1))))+IF(EX50="S",4,IF(EX50="F",3,IF(EX50="O",2,IF(EX50="N",1))))+IF(EY50="S",4,IF(EY50="F",3,IF(EY50="O",2,IF(EY50="N",1))))+IF(EZ50="S",4,IF(EZ50="F",3,IF(EZ50="O",2,IF(EZ50="N",1))))+IF(FA50="S",4,IF(FA50="F",3,IF(FA50="O",2,IF(FA50="N",1))))+IF(FB50="S",4,IF(FB50="F",3,IF(FB50="O",2,IF(FB50="N",1)))) -> 0 | FE50: =IF(FC50="","",FC50)
B51: 34 | C51: =IF(NOTAS!XBX54<>"",NOTAS!XBX54,"") | Y51: =IFERROR(INT(FIXED(TRUNC(AVERAGE(G51:X51),2),0)),"") | AO51: =IFERROR(INT(FIXED(TRUNC(AVERAGE(Z51:AN51),2),0)),"") | BJ51: =IFERROR(INT(FIXED(TRUNC(AVERAGE(AP51:BI51),2),0)),"") | CG51: =IFERROR(INT(FIXED(TRUNC(AVERAGE(BK51:CF51),2),0)),"") | DC51: =IFERROR(INT(FIXED(TRUNC(AVERAGE(CH51:DB51),2),0)),"") | DO51: =IFERROR(INT(FIXED(TRUNC(AVERAGE(DD51:DN51),2),0)),"") | ER51: =IFERROR(INT(FIXED(TRUNC(AVERAGE(DP51:EQ51),2),0)),"") | ES51: =IF(OR(Y51="",AO51="",BJ51="",CG51="",DC51="",DO51=""),"",IFERROR(AVERAGE(Y51,AO51,BJ51,CG51,DC51,DO51),"")) | FC51: =IF(OR(ET51="",EU51="",EV51="",EW51="",EX51="",EY51="",EZ51="",FA51="",FB51=""),"",IF(FD51>=35,"A+",IF(FD51>=33,"A-",IF(FD51>=30,"B+",IF(FD51>=27,"B-",IF(FD51>=20,"C+",IF(FD51>=18,"C-",IF(FD51>=15,"D+",IF(FD51>=13,"D-",IF(FD51>=11,"E+",IF(FD51>=0,"E-"))))))))))) | FD51: =IF(ET51="S",4,IF(ET51="F",3,IF(ET51="O",2,IF(ET51="N",1))))+IF(EU51="S",4,IF(EU51="F",3,IF(EU51="O",2,IF(EU51="N",1))))+IF(EV51="S",4,IF(EV51="F",3,IF(EV51="O",2,IF(EV51="N",1))))+IF(EW51="S",4,IF(EW51="F",3,IF(EW51="O",2,IF(EW51="N",1))))+IF(EX51="S",4,IF(EX51="F",3,IF(EX51="O",2,IF(EX51="N",1))))+IF(EY51="S",4,IF(EY51="F",3,IF(EY51="O",2,IF(EY51="N",1))))+IF(EZ51="S",4,IF(EZ51="F",3,IF(EZ51="O",2,IF(EZ51="N",1))))+IF(FA51="S",4,IF(FA51="F",3,IF(FA51="O",2,IF(FA51="N",1))))+IF(FB51="S",4,IF(FB51="F",3,IF(FB51="O",2,IF(FB51="N",1)))) -> 0 | FE51: =IF(FC51="","",FC51)
B52: 35 | C52: =IF(NOTAS!XBX55<>"",NOTAS!XBX55,"") | Y52: =IFERROR(INT(FIXED(TRUNC(AVERAGE(G52:X52),2),0)),"") | AO52: =IFERROR(INT(FIXED(TRUNC(AVERAGE(Z52:AN52),2),0)),"") | BJ52: =IFERROR(INT(FIXED(TRUNC(AVERAGE(AP52:BI52),2),0)),"") | CG52: =IFERROR(INT(FIXED(TRUNC(AVERAGE(BK52:CF52),2),0)),"") | DC52: =IFERROR(INT(FIXED(TRUNC(AVERAGE(CH52:DB52),2),0)),"") | DO52: =IFERROR(INT(FIXED(TRUNC(AVERAGE(DD52:DN52),2),0)),"") | ER52: =IFERROR(INT(FIXED(TRUNC(AVERAGE(DP52:EQ52),2),0)),"") | ES52: =IF(OR(Y52="",AO52="",BJ52="",CG52="",DC52="",DO52=""),"",IFERROR(AVERAGE(Y52,AO52,BJ52,CG52,DC52,DO52),"")) | FC52: =IF(OR(ET52="",EU52="",EV52="",EW52="",EX52="",EY52="",EZ52="",FA52="",FB52=""),"",IF(FD52>=35,"A+",IF(FD52>=33,"A-",IF(FD52>=30,"B+",IF(FD52>=27,"B-",IF(FD52>=20,"C+",IF(FD52>=18,"C-",IF(FD52>=15,"D+",IF(FD52>=13,"D-",IF(FD52>=11,"E+",IF(FD52>=0,"E-"))))))))))) | FD52: =IF(ET52="S",4,IF(ET52="F",3,IF(ET52="O",2,IF(ET52="N",1))))+IF(EU52="S",4,IF(EU52="F",3,IF(EU52="O",2,IF(EU52="N",1))))+IF(EV52="S",4,IF(EV52="F",3,IF(EV52="O",2,IF(EV52="N",1))))+IF(EW52="S",4,IF(EW52="F",3,IF(EW52="O",2,IF(EW52="N",1))))+IF(EX52="S",4,IF(EX52="F",3,IF(EX52="O",2,IF(EX52="N",1))))+IF(EY52="S",4,IF(EY52="F",3,IF(EY52="O",2,IF(EY52="N",1))))+IF(EZ52="S",4,IF(EZ52="F",3,IF(EZ52="O",2,IF(EZ52="N",1))))+IF(FA52="S",4,IF(FA52="F",3,IF(FA52="O",2,IF(FA52="N",1))))+IF(FB52="S",4,IF(FB52="F",3,IF(FB52="O",2,IF(FB52="N",1)))) -> 0 | FE52: =IF(FC52="","",FC52)
B53: 36 | C53: =IF(NOTAS!XBX56<>"",NOTAS!XBX56,"") | Y53: =IFERROR(INT(FIXED(TRUNC(AVERAGE(G53:X53),2),0)),"") | AO53: =IFERROR(INT(FIXED(TRUNC(AVERAGE(Z53:AN53),2),0)),"") | BJ53: =IFERROR(INT(FIXED(TRUNC(AVERAGE(AP53:BI53),2),0)),"") | CG53: =IFERROR(INT(FIXED(TRUNC(AVERAGE(BK53:CF53),2),0)),"") | DC53: =IFERROR(INT(FIXED(TRUNC(AVERAGE(CH53:DB53),2),0)),"") | DO53: =IFERROR(INT(FIXED(TRUNC(AVERAGE(DD53:DN53),2),0)),"") | ER53: =IFERROR(INT(FIXED(TRUNC(AVERAGE(DP53:EQ53),2),0)),"") | ES53: =IF(OR(Y53="",AO53="",BJ53="",CG53="",DC53="",DO53=""),"",IFERROR(AVERAGE(Y53,AO53,BJ53,CG53,DC53,DO53),"")) | FC53: =IF(OR(ET53="",EU53="",EV53="",EW53="",EX53="",EY53="",EZ53="",FA53="",FB53=""),"",IF(FD53>=35,"A+",IF(FD53>=33,"A-",IF(FD53>=30,"B+",IF(FD53>=27,"B-",IF(FD53>=20,"C+",IF(FD53>=18,"C-",IF(FD53>=15,"D+",IF(FD53>=13,"D-",IF(FD53>=11,"E+",IF(FD53>=0,"E-"))))))))))) | FD53: =IF(ET53="S",4,IF(ET53="F",3,IF(ET53="O",2,IF(ET53="N",1))))+IF(EU53="S",4,IF(EU53="F",3,IF(EU53="O",2,IF(EU53="N",1))))+IF(EV53="S",4,IF(EV53="F",3,IF(EV53="O",2,IF(EV53="N",1))))+IF(EW53="S",4,IF(EW53="F",3,IF(EW53="O",2,IF(EW53="N",1))))+IF(EX53="S",4,IF(EX53="F",3,IF(EX53="O",2,IF(EX53="N",1))))+IF(EY53="S",4,IF(EY53="F",3,IF(EY53="O",2,IF(EY53="N",1))))+IF(EZ53="S",4,IF(EZ53="F",3,IF(EZ53="O",2,IF(EZ53="N",1))))+IF(FA53="S",4,IF(FA53="F",3,IF(FA53="O",2,IF(FA53="N",1))))+IF(FB53="S",4,IF(FB53="F",3,IF(FB53="O",2,IF(FB53="N",1)))) -> 0 | FE53: =IF(FC53="","",FC53)
B54: 37 | C54: =IF(NOTAS!XBX57<>"",NOTAS!XBX57,"") | Y54: =IFERROR(INT(FIXED(TRUNC(AVERAGE(G54:X54),2),0)),"") | AO54: =IFERROR(INT(FIXED(TRUNC(AVERAGE(Z54:AN54),2),0)),"") | BJ54: =IFERROR(INT(FIXED(TRUNC(AVERAGE(AP54:BI54),2),0)),"") | CG54: =IFERROR(INT(FIXED(TRUNC(AVERAGE(BK54:CF54),2),0)),"") | DC54: =IFERROR(INT(FIXED(TRUNC(AVERAGE(CH54:DB54),2),0)),"") | ER54: =IFERROR(INT(FIXED(TRUNC(AVERAGE(DP54:EQ54),2),0)),"") | ES54: =IF(OR(Y54="",AO54="",BJ54="",CG54="",DC54="",DO54=""),"",IFERROR(AVERAGE(Y54,AO54,BJ54,CG54,DC54,DO54),"")) | FC54: =IF(OR(ET54="",EU54="",EV54="",EW54="",EX54="",EY54="",EZ54="",FA54="",FB54=""),"",IF(FD54>=35,"A+",IF(FD54>=33,"A-",IF(FD54>=30,"B+",IF(FD54>=27,"B-",IF(FD54>=20,"C+",IF(FD54>=18,"C-",IF(FD54>=15,"D+",IF(FD54>=13,"D-",IF(FD54>=11,"E+",IF(FD54>=0,"E-"))))))))))) | FD54: =IF(ET54="S",4,IF(ET54="F",3,IF(ET54="O",2,IF(ET54="N",1))))+IF(EU54="S",4,IF(EU54="F",3,IF(EU54="O",2,IF(EU54="N",1))))+IF(EV54="S",4,IF(EV54="F",3,IF(EV54="O",2,IF(EV54="N",1))))+IF(EW54="S",4,IF(EW54="F",3,IF(EW54="O",2,IF(EW54="N",1))))+IF(EX54="S",4,IF(EX54="F",3,IF(EX54="O",2,IF(EX54="N",1))))+IF(EY54="S",4,IF(EY54="F",3,IF(EY54="O",2,IF(EY54="N",1))))+IF(EZ54="S",4,IF(EZ54="F",3,IF(EZ54="O",2,IF(EZ54="N",1))))+IF(FA54="S",4,IF(FA54="F",3,IF(FA54="O",2,IF(FA54="N",1))))+IF(FB54="S",4,IF(FB54="F",3,IF(FB54="O",2,IF(FB54="N",1)))) -> 0
B55: 38 | C55: =IF(NOTAS!XBX58<>"",NOTAS!XBX58,"") | Y55: =IFERROR(INT(FIXED(TRUNC(AVERAGE(G55:X55),2),0)),"") | AO55: =IFERROR(INT(FIXED(TRUNC(AVERAGE(Z55:AN55),2),0)),"") | BJ55: =IFERROR(INT(FIXED(TRUNC(AVERAGE(AP55:BI55),2),0)),"") | CG55: =IFERROR(INT(FIXED(TRUNC(AVERAGE(BK55:CF55),2),0)),"") | DC55: =IFERROR(INT(FIXED(TRUNC(AVERAGE(CH55:DB55),2),0)),"") | ER55: =IFERROR(INT(FIXED(TRUNC(AVERAGE(DP55:EQ55),2),0)),"") | ES55: =IF(OR(Y55="",AO55="",BJ55="",CG55="",DC55="",DO55=""),"",IFERROR(AVERAGE(Y55,AO55,BJ55,CG55,DC55,DO55),"")) | FC55: =IF(OR(ET55="",EU55="",EV55="",EW55="",EX55="",EY55="",EZ55="",FA55="",FB55=""),"",IF(FD55>=35,"A+",IF(FD55>=33,"A-",IF(FD55>=30,"B+",IF(FD55>=27,"B-",IF(FD55>=20,"C+",IF(FD55>=18,"C-",IF(FD55>=15,"D+",IF(FD55>=13,"D-",IF(FD55>=11,"E+",IF(FD55>=0,"E-"))))))))))) | FD55: =IF(ET55="S",4,IF(ET55="F",3,IF(ET55="O",2,IF(ET55="N",1))))+IF(EU55="S",4,IF(EU55="F",3,IF(EU55="O",2,IF(EU55="N",1))))+IF(EV55="S",4,IF(EV55="F",3,IF(EV55="O",2,IF(EV55="N",1))))+IF(EW55="S",4,IF(EW55="F",3,IF(EW55="O",2,IF(EW55="N",1))))+IF(EX55="S",4,IF(EX55="F",3,IF(EX55="O",2,IF(EX55="N",1))))+IF(EY55="S",4,IF(EY55="F",3,IF(EY55="O",2,IF(EY55="N",1))))+IF(EZ55="S",4,IF(EZ55="F",3,IF(EZ55="O",2,IF(EZ55="N",1))))+IF(FA55="S",4,IF(FA55="F",3,IF(FA55="O",2,IF(FA55="N",1))))+IF(FB55="S",4,IF(FB55="F",3,IF(FB55="O",2,IF(FB55="N",1)))) -> 0
B56: 39 | C56: =IF(NOTAS!XBX59<>"",NOTAS!XBX59,"") | Y56: =IFERROR(INT(FIXED(TRUNC(AVERAGE(G56:X56),2),0)),"") | AO56: =IFERROR(INT(FIXED(TRUNC(AVERAGE(Z56:AN56),2),0)),"") | BJ56: =IFERROR(INT(FIXED(TRUNC(AVERAGE(AP56:BI56),2),0)),"") | CG56: =IFERROR(INT(FIXED(TRUNC(AVERAGE(BK56:CF56),2),0)),"") | DC56: =IFERROR(INT(FIXED(TRUNC(AVERAGE(CH56:DB56),2),0)),"") | ER56: =IFERROR(INT(FIXED(TRUNC(AVERAGE(DP56:EQ56),2),0)),"") | ES56: =IF(OR(Y56="",AO56="",BJ56="",CG56="",DC56="",DO56=""),"",IFERROR(AVERAGE(Y56,AO56,BJ56,CG56,DC56,DO56),"")) | FC56: =IF(OR(ET56="",EU56="",EV56="",EW56="",EX56="",EY56="",EZ56="",FA56="",FB56=""),"",IF(FD56>=35,"A+",IF(FD56>=33,"A-",IF(FD56>=30,"B+",IF(FD56>=27,"B-",IF(FD56>=20,"C+",IF(FD56>=18,"C-",IF(FD56>=15,"D+",IF(FD56>=13,"D-",IF(FD56>=11,"E+",IF(FD56>=0,"E-"))))))))))) | FD56: =IF(ET56="S",4,IF(ET56="F",3,IF(ET56="O",2,IF(ET56="N",1))))+IF(EU56="S",4,IF(EU56="F",3,IF(EU56="O",2,IF(EU56="N",1))))+IF(EV56="S",4,IF(EV56="F",3,IF(EV56="O",2,IF(EV56="N",1))))+IF(EW56="S",4,IF(EW56="F",3,IF(EW56="O",2,IF(EW56="N",1))))+IF(EX56="S",4,IF(EX56="F",3,IF(EX56="O",2,IF(EX56="N",1))))+IF(EY56="S",4,IF(EY56="F",3,IF(EY56="O",2,IF(EY56="N",1))))+IF(EZ56="S",4,IF(EZ56="F",3,IF(EZ56="O",2,IF(EZ56="N",1))))+IF(FA56="S",4,IF(FA56="F",3,IF(FA56="O",2,IF(FA56="N",1))))+IF(FB56="S",4,IF(FB56="F",3,IF(FB56="O",2,IF(FB56="N",1)))) -> 0
B57: 40 | C57: =IF(NOTAS!XBX60<>"",NOTAS!XBX60,"") | Y57: =IFERROR(INT(FIXED(TRUNC(AVERAGE(G57:X57),2),0)),"") | AO57: =IFERROR(INT(FIXED(TRUNC(AVERAGE(Z57:AN57),2),0)),"") | BJ57: =IFERROR(INT(FIXED(TRUNC(AVERAGE(AP57:BI57),2),0)),"") | CG57: =IFERROR(INT(FIXED(TRUNC(AVERAGE(BK57:CF57),2),0)),"") | DC57: =IFERROR(INT(FIXED(TRUNC(AVERAGE(CH57:DB57),2),0)),"") | ER57: =IFERROR(INT(FIXED(TRUNC(AVERAGE(DP57:EQ57),2),0)),"") | ES57: =IF(OR(Y57="",AO57="",BJ57="",CG57="",DC57="",DO57=""),"",IFERROR(AVERAGE(Y57,AO57,BJ57,CG57,DC57,DO57),"")) | FC57: =IF(OR(ET57="",EU57="",EV57="",EW57="",EX57="",EY57="",EZ57="",FA57="",FB57=""),"",IF(FD57>=35,"A+",IF(FD57>=33,"A-",IF(FD57>=30,"B+",IF(FD57>=27,"B-",IF(FD57>=20,"C+",IF(FD57>=18,"C-",IF(FD57>=15,"D+",IF(FD57>=13,"D-",IF(FD57>=11,"E+",IF(FD57>=0,"E-"))))))))))) | FD57: =IF(ET57="S",4,IF(ET57="F",3,IF(ET57="O",2,IF(ET57="N",1))))+IF(EU57="S",4,IF(EU57="F",3,IF(EU57="O",2,IF(EU57="N",1))))+IF(EV57="S",4,IF(EV57="F",3,IF(EV57="O",2,IF(EV57="N",1))))+IF(EW57="S",4,IF(EW57="F",3,IF(EW57="O",2,IF(EW57="N",1))))+IF(EX57="S",4,IF(EX57="F",3,IF(EX57="O",2,IF(EX57="N",1))))+IF(EY57="S",4,IF(EY57="F",3,IF(EY57="O",2,IF(EY57="N",1))))+IF(EZ57="S",4,IF(EZ57="F",3,IF(EZ57="O",2,IF(EZ57="N",1))))+IF(FA57="S",4,IF(FA57="F",3,IF(FA57="O",2,IF(FA57="N",1))))+IF(FB57="S",4,IF(FB57="F",3,IF(FB57="O",2,IF(FB57="N",1)))) -> 0
B58: 41 | C58: =IF(NOTAS!XBX61<>"",NOTAS!XBX61,"") | Y58: =IFERROR(INT(FIXED(TRUNC(AVERAGE(G58:X58),2),0)),"") | AO58: =IFERROR(INT(FIXED(TRUNC(AVERAGE(Z58:AN58),2),0)),"") | BJ58: =IFERROR(INT(FIXED(TRUNC(AVERAGE(AP58:BI58),2),0)),"") | CG58: =IFERROR(INT(FIXED(TRUNC(AVERAGE(BK58:CF58),2),0)),"") | DC58: =IFERROR(INT(FIXED(TRUNC(AVERAGE(CH58:DB58),2),0)),"") | ER58: =IFERROR(INT(FIXED(TRUNC(AVERAGE(DP58:EQ58),2),0)),"") | ES58: =IF(OR(Y58="",AO58="",BJ58="",CG58="",DC58="",DO58=""),"",IFERROR(AVERAGE(Y58,AO58,BJ58,CG58,DC58,DO58),"")) | FC58: =IF(OR(ET58="",EU58="",EV58="",EW58="",EX58="",EY58="",EZ58="",FA58="",FB58=""),"",IF(FD58>=35,"A+",IF(FD58>=33,"A-",IF(FD58>=30,"B+",IF(FD58>=27,"B-",IF(FD58>=20,"C+",IF(FD58>=18,"C-",IF(FD58>=15,"D+",IF(FD58>=13,"D-",IF(FD58>=11,"E+",IF(FD58>=0,"E-"))))))))))) | FD58: =IF(ET58="S",4,IF(ET58="F",3,IF(ET58="O",2,IF(ET58="N",1))))+IF(EU58="S",4,IF(EU58="F",3,IF(EU58="O",2,IF(EU58="N",1))))+IF(EV58="S",4,IF(EV58="F",3,IF(EV58="O",2,IF(EV58="N",1))))+IF(EW58="S",4,IF(EW58="F",3,IF(EW58="O",2,IF(EW58="N",1))))+IF(EX58="S",4,IF(EX58="F",3,IF(EX58="O",2,IF(EX58="N",1))))+IF(EY58="S",4,IF(EY58="F",3,IF(EY58="O",2,IF(EY58="N",1))))+IF(EZ58="S",4,IF(EZ58="F",3,IF(EZ58="O",2,IF(EZ58="N",1))))+IF(FA58="S",4,IF(FA58="F",3,IF(FA58="O",2,IF(FA58="N",1))))+IF(FB58="S",4,IF(FB58="F",3,IF(FB58="O",2,IF(FB58="N",1)))) -> 0
B59: 42 | C59: =IF(NOTAS!XBX62<>"",NOTAS!XBX62,"") | Y59: =IFERROR(INT(FIXED(TRUNC(AVERAGE(G59:X59),2),0)),"") | AO59: =IFERROR(INT(FIXED(TRUNC(AVERAGE(Z59:AN59),2),0)),"") | BJ59: =IFERROR(INT(FIXED(TRUNC(AVERAGE(AP59:BI59),2),0)),"") | CG59: =IFERROR(INT(FIXED(TRUNC(AVERAGE(BK59:CF59),2),0)),"") | DC59: =IFERROR(INT(FIXED(TRUNC(AVERAGE(CH59:DB59),2),0)),"") | ER59: =IFERROR(INT(FIXED(TRUNC(AVERAGE(DP59:EQ59),2),0)),"") | ES59: =IF(OR(Y59="",AO59="",BJ59="",CG59="",DC59="",DO59=""),"",IFERROR(AVERAGE(Y59,AO59,BJ59,CG59,DC59,DO59),"")) | FC59: =IF(OR(ET59="",EU59="",EV59="",EW59="",EX59="",EY59="",EZ59="",FA59="",FB59=""),"",IF(FD59>=35,"A+",IF(FD59>=33,"A-",IF(FD59>=30,"B+",IF(FD59>=27,"B-",IF(FD59>=20,"C+",IF(FD59>=18,"C-",IF(FD59>=15,"D+",IF(FD59>=13,"D-",IF(FD59>=11,"E+",IF(FD59>=0,"E-"))))))))))) | FD59: =IF(ET59="S",4,IF(ET59="F",3,IF(ET59="O",2,IF(ET59="N",1))))+IF(EU59="S",4,IF(EU59="F",3,IF(EU59="O",2,IF(EU59="N",1))))+IF(EV59="S",4,IF(EV59="F",3,IF(EV59="O",2,IF(EV59="N",1))))+IF(EW59="S",4,IF(EW59="F",3,IF(EW59="O",2,IF(EW59="N",1))))+IF(EX59="S",4,IF(EX59="F",3,IF(EX59="O",2,IF(EX59="N",1))))+IF(EY59="S",4,IF(EY59="F",3,IF(EY59="O",2,IF(EY59="N",1))))+IF(EZ59="S",4,IF(EZ59="F",3,IF(EZ59="O",2,IF(EZ59="N",1))))+IF(FA59="S",4,IF(FA59="F",3,IF(FA59="O",2,IF(FA59="N",1))))+IF(FB59="S",4,IF(FB59="F",3,IF(FB59="O",2,IF(FB59="N",1)))) -> 0
B60: 43 | C60: =IF(NOTAS!XBX63<>"",NOTAS!XBX63,"") | Y60: =IFERROR(INT(FIXED(TRUNC(AVERAGE(G60:X60),2),0)),"") | AO60: =IFERROR(INT(FIXED(TRUNC(AVERAGE(Z60:AN60),2),0)),"") | BJ60: =IFERROR(INT(FIXED(TRUNC(AVERAGE(AP60:BI60),2),0)),"") | CG60: =IFERROR(INT(FIXED(TRUNC(AVERAGE(BK60:CF60),2),0)),"") | DC60: =IFERROR(INT(FIXED(TRUNC(AVERAGE(CH60:DB60),2),0)),"") | ER60: =IFERROR(INT(FIXED(TRUNC(AVERAGE(DP60:EQ60),2),0)),"") | ES60: =IF(OR(Y60="",AO60="",BJ60="",CG60="",DC60="",DO60=""),"",IFERROR(AVERAGE(Y60,AO60,BJ60,CG60,DC60,DO60),"")) | FC60: =IF(OR(ET60="",EU60="",EV60="",EW60="",EX60="",EY60="",EZ60="",FA60="",FB60=""),"",IF(FD60>=35,"A+",IF(FD60>=33,"A-",IF(FD60>=30,"B+",IF(FD60>=27,"B-",IF(FD60>=20,"C+",IF(FD60>=18,"C-",IF(FD60>=15,"D+",IF(FD60>=13,"D-",IF(FD60>=11,"E+",IF(FD60>=0,"E-"))))))))))) | FD60: =IF(ET60="S",4,IF(ET60="F",3,IF(ET60="O",2,IF(ET60="N",1))))+IF(EU60="S",4,IF(EU60="F",3,IF(EU60="O",2,IF(EU60="N",1))))+IF(EV60="S",4,IF(EV60="F",3,IF(EV60="O",2,IF(EV60="N",1))))+IF(EW60="S",4,IF(EW60="F",3,IF(EW60="O",2,IF(EW60="N",1))))+IF(EX60="S",4,IF(EX60="F",3,IF(EX60="O",2,IF(EX60="N",1))))+IF(EY60="S",4,IF(EY60="F",3,IF(EY60="O",2,IF(EY60="N",1))))+IF(EZ60="S",4,IF(EZ60="F",3,IF(EZ60="O",2,IF(EZ60="N",1))))+IF(FA60="S",4,IF(FA60="F",3,IF(FA60="O",2,IF(FA60="N",1))))+IF(FB60="S",4,IF(FB60="F",3,IF(FB60="O",2,IF(FB60="N",1)))) -> 0
B61: 44 | C61: =IF(NOTAS!XBX64<>"",NOTAS!XBX64,"") | Y61: =IFERROR(INT(FIXED(TRUNC(AVERAGE(G61:X61),2),0)),"") | AO61: =IFERROR(INT(FIXED(TRUNC(AVERAGE(Z61:AN61),2),0)),"") | BJ61: =IFERROR(INT(FIXED(TRUNC(AVERAGE(AP61:BI61),2),0)),"") | CG61: =IFERROR(INT(FIXED(TRUNC(AVERAGE(BK61:CF61),2),0)),"") | DC61: =IFERROR(INT(FIXED(TRUNC(AVERAGE(CH61:DB61),2),0)),"") | ER61: =IFERROR(INT(FIXED(TRUNC(AVERAGE(DP61:EQ61),2),0)),"") | ES61: =IF(OR(Y61="",AO61="",BJ61="",CG61="",DC61="",DO61=""),"",IFERROR(AVERAGE(Y61,AO61,BJ61,CG61,DC61,DO61),"")) | FC61: =IF(OR(ET61="",EU61="",EV61="",EW61="",EX61="",EY61="",EZ61="",FA61="",FB61=""),"",IF(FD61>=35,"A+",IF(FD61>=33,"A-",IF(FD61>=30,"B+",IF(FD61>=27,"B-",IF(FD61>=20,"C+",IF(FD61>=18,"C-",IF(FD61>=15,"D+",IF(FD61>=13,"D-",IF(FD61>=11,"E+",IF(FD61>=0,"E-"))))))))))) | FD61: =IF(ET61="S",4,IF(ET61="F",3,IF(ET61="O",2,IF(ET61="N",1))))+IF(EU61="S",4,IF(EU61="F",3,IF(EU61="O",2,IF(EU61="N",1))))+IF(EV61="S",4,IF(EV61="F",3,IF(EV61="O",2,IF(EV61="N",1))))+IF(EW61="S",4,IF(EW61="F",3,IF(EW61="O",2,IF(EW61="N",1))))+IF(EX61="S",4,IF(EX61="F",3,IF(EX61="O",2,IF(EX61="N",1))))+IF(EY61="S",4,IF(EY61="F",3,IF(EY61="O",2,IF(EY61="N",1))))+IF(EZ61="S",4,IF(EZ61="F",3,IF(EZ61="O",2,IF(EZ61="N",1))))+IF(FA61="S",4,IF(FA61="F",3,IF(FA61="O",2,IF(FA61="N",1))))+IF(FB61="S",4,IF(FB61="F",3,IF(FB61="O",2,IF(FB61="N",1)))) -> 0
B63: ________________________
B64: =NOTAS!B24 -> CUZCO GUERRERO JENNY DEL PILAR
B65: Docente

Sheet TRI-2
B1: UNIDAD EDUCATIVA " "
B3: INFORME DEL SEGUNDO TRIMESTRE DE APRENDIZAJE
FC4: S
FC5: F
B6: 1 | C6: GRADO O CURSO: | D6: =NOTAS!B14 -> INICIAL II | O6: 3 | P6: AÑO LECTIVO: | Q6: =NOTAS!B18 -> 2025-2026 MATUTINA | FC6: O
B7: 2 | C7: DOCENTE: | D7: =NOTAS!B24 -> CUZCO GUERRERO JENNY DEL PILAR | O7: 4 | P7: FECHA: | Q7: =TODAY() -> 45994 | FC7: N
B10: Nº | C10: NÓMINA | G10: IDENTIDAD Y AUTONOMÍA | Z10: CONVIVENCIA | AP10: RELACIONES CON EL MEDIO NATURAL Y CULTURAL | BK10: RELACIONES LOGICAS MATEMATICAS | CH10: COMPRENSIÓN Y EXPRESION DEL LENGUAJE | DD10: EXPRESIÓN ARTISTICA | DP10: EXPRESION CORPORAL Y MOTRICIDAD | ES10: PROMEDIO GENERAL | ET10: CÍVICA Y ACOMPAÑAMIENTO INTEGRAL EN EL AULA | FC10: PROMEDIO FINAL CIVICA Y ACOMPAÑMIENTO INTEGRAL EN EL AULA | FE10: II TRIMESTRE
Y11: PROMEDIO | AO11: PROMEDIO | BJ11: PROMEDIO | CG11: PROMEDIO | DC11: PROMEDIO
G13: Comunicar algunos datos de su identidad como: nombres completos, edad, nombres de familiares cercanos, lugar dónde vive. | H13: Demostrar curiosidad por las características físicas (genitales) que le permiten reconocerse como niño y niña | I13: Identificar la importancia de usar el cinturón de seguridad para promover el autocuidado y la protección personal. | J13: Identificar las situaciones de peligro a las que se puede exponer en su entorno inmediato y seguir pautas de comportamiento para evitarlas. | K13: Identificar sus características físicas y las de las personas de su entorno como parte del proceso de aceptación de sí mismo y de respeto a los demás. | L13: Identificar y manifestar sus emociones y sentimientos, expresando las causas de los mismos mediante el lenguaje verbal. (D.EIB.10.3.) | M13: Identificarse como miembro de una familia reconociéndose como parte importante de la misma. | N13: Practicar con autonomía hábitos de higiene personal como lavarse las manos, los dientes y la cara. | O13: Practicar hábitos de orden ubicando los objetos en el lugar correspondiente. | P13: Practicar las acciones a seguir en situaciones de riesgo como: temblores, incendios, entre otros, determinadas en el plan de contingencia institucional. | Q13: Practicar normas de seguridad para evitar accidentes a los que se puede exponer en su entorno inmediato. | R13: Realiza independientemente normas de aseo al ir al baño. | S13: Reconocer la importancia del uso del casco y demás indumentaria de pro tección para protegerse de lesiones en actividades que requieran su uso | T13: Reconocer situaciones problémicas en las actividades escolares para solucionarlas de forma creativa y con autonomía. | U13: Seleccionar las prendas de vestir de acuerdo al estado climático (prendas para el frío / prendas para el calor). | V13: Tomar decisiones con respecto a la elección de actividades, vestuario entre otros, en función de sus gustos y preferencias, argumentando las mismas. | W13: Utilizar la cuchara, tenedor y el vaso cuando se alimenta de manera autónoma. | X13: Vestirse y desvestirse de manera independiente con prendas de vestir sencillas. (D.EIB.10.5) | Z13: Apoyar y motivar a otras personas a participar en actividades grupales, particularmente a quienes muestran dificultades al hacerlo | AA13: Asumir y respetar normas de convivencia en la institución de educación inicial y en el hogar acordadas con el adulto. (D.EIB.10.15.) | AB13: Colaborar en actividades que se desarrollan con otros niños y adultos de su entorno. | AC13: Demostrar actitudes de solidaridad ante situaciones de necesidad de sus compañeros y adultos de su entorno | AD13: Demostrar cortesía y respeto hacia los actores viales (peatones, conductores, motociclistas, ciclistas, personas con discapacidad, movilidad reducida, grupos vulnerables, pasajeros, agentes y policías de tránsito) a través de actividades lúdicas que promuevan comportamientos adecuados en situaciones de tránsito | AE13: Demostrar preferencia de jugar la mayor parte del tiempo con un amigo estableciendo niveles de empatías más estables. | AF13: Demostrar sensibilidad ante deseos, emociones y sentimientos de otras personas. | AG13: Desarrollar la capacidad de esperar para obtener una recompensa mayor en el futuro. | AH13: Identificar instituciones y profesiones que brindan servicios a la comunidad y los roles que ellos cumplen. | AI13: Identificar las profesiones, oficios y ocupaciones que cumplen los miembros de su familia. | AJ13: Incrementar su campo de interrelación con otras personas a más del grupo familiar y escolar interactuando con mayor facilidad. | AK13: Observar las expresiones faciales y comportamientos de otros niños y niñas en actividades lúdicas para identificar sus emociones, guiar sus propias acciones y fomentar un ambiente de convivencia armónica | AL13: Participar juegos grupales siguiendo las reglas y asumiendo roles que le permitan mantener un ambiente armónico con sus pares. (D.EIB.10.11.) | AM13: Practicar la costumbre de ahorrar para ocasiones y casos especiales | AN13: Respetar las diferencias individuales que existe entre sus compañeros como: género, diversidad cultural, necesidades especiales, estructura familiar, entre otros. | AP13: Comunicar de manera asertiva sus preferencias o desacuerdos al interactuar con sus pares reconociendo cómo sus expresiones o acciones influyen en las otras personas. | AQ13: Construir conexiones emocionales con su contexto natural (plantas, animales, agua, tierra, aire) y social. | AR13: dentificar en las actividades diarias oportunidades para aprovechar los recursos y reducir los residuos para proteger el entorno natural | AS13: Diferenciar entre alimentos nutritivos y no nutritivos identificando los beneficios de una alimentación sana y saludable. | AT13: Diferenciar entre lo que le pertenece, lo que pertenece a los demás y lo que pertenece al grupo o comunidad. | AU13: Diferenciar los seres vivos y elementos no vivos de su entorno explorando su mundo natural. | AV13: Establecer comparaciones entre los elementos del entorno a través de la discriminación sensorial. | AW13: Explorar e identificar los diferentes elementos y fenómenos del entorno natural mediante procesos que propicien la indagación. | AX13: Identificar características de las plantas por su utilidad, estableciendo diferencias entre ellas. | AY13: Identificar las características de los animales domésticos y silvestres estableciendo las diferencias entre ellos. | AZ13: Identificar las características del mar y reconocerlo como una parte integral del territorio nacional | BA13: Identificar prácticas socioculturales de su localidad demostrando curiosidad ante sus tradiciones. | BB13: Observar el proceso del ciclo vital de las plantas mediante actividades de experimentación. | BC13: Participar en actividades lúdicas para identificar prácticas de movilidad que ayudan a cuidar el planeta | BD13: Participar en algunas prácticas tradicionales de su entorno disfrutando y respetando las diferentes manifestaciones culturales | BE13: Practicar hábitos de cuidado y conservación del medio ambiente que eviten la contaminación del aire, suelo y agua. (D.EIB.10.19.) | BF13: Realizar acciones de cuidado y protección de plantas y animales de su entorno erradicando actitudes de maltrato. | BG13: Reconocer cómo las personas utilizan el dinero en su entorno familiar para satisfacer sus necesidades y deseos | BH13: Reconocer las consecuencias de no cuidar sus pertenencias. | BI13: Reconocer los medios de transporte sostenibles, como: bicicleta, scooters, patinetes, transporte público, tranvías, metros y, caminar; por medio de actividades lúdicas | BK13: Asociar las formas de los objetos del entorno con figuras geométricas bidimensionales | BL13: Clasificar objetos con dos atributos (tamaño, color o forma). | BM13: Comparar y armar colecciones de más, igual y menos objetos. | BN13: Comparar y ordenar secuencialmente un conjunto pequeño de objetos de acuerdo con su tamaño. | BO13: Comprender la relación de número-cantidad hasta el 10. | BP13: Comprender la relación del numeral (representación simbólica del número) con la cantidad hasta el 5. | BQ13: Contar oralmente del 1 al 15 con secuencia numérica. | BR13: Continuar y reproducir patrones simples con objetos concretos y representaciones gráficas. | BS13: Establecer la relación de correspondencia entre los elementos de colecciones de objetos. | BT13: Identificar características de mañana, tarde y noche | BU13: Identificar en los objetos las nociones de medida: largo/ corto, grueso/delgado. | BV13: Identificar figuras geométricas básicas: círculo, cuadrado y triángulo en objetos del entorno y en representaciones gráficas. | BW13: Identificar la diferencia entre lo que se desea y lo que se necesita | BX13: Identificar las nociones de tiempo en acciones que siceden antes, ahora y después | BY13: Identificar los números de emergencia a través de actividades lúdicas, y reconocer cuándo pedir ayuda en situaciones sencillas. | BZ13: Identificar semejanzas y diferencias en objetos del entorno con criterios de forma, color y tamaño | CA13: Ordenar en secuencias lógica sucesos de hasta cinco eventos en representaciones gráficas de sus actividades de la rutina diaria y en escenas de cuentos | CB13: Reconocer billetes y monedas en situaciones de la vida real | CC13: Reconocer la ubicación de objetos en relación a sí mismo y diferentes puntos de referencia según las nociones espaciales de: entre, adelante/atrás, junto a, cerca/lejos | CD13: Reconocer los colores secundarios en objetos e imágenes del entorno. | CE13: Reconocer y comparar características personales (estatura, edad, u atributos físicos) al establecer relaciones básicas de tamaño y cantidad en actividades escolares. | CF13: Relacionar las distintas formas de adquirir dinero con el trabajo y el esfuerzo. | CH13: Asociar la imagen de la portada con el título de los cuentos conocidos. | CI13: Colaborar en la creación de textos colectivos con la ayuda del docente. | CJ13: Comprender el derecho propio y de las otras personas a decir que no como una respuesta válida y respetable. | CK13: Comunicarse a través de dibujos de objetos con detalles que lo vuelven identificables, como representación simbólica de sus ideas. | CL13: Comunicarse incorporando palabras nuevas a su vocabulario en función de los ambientes y experiencias en las que interactúa. | CM13: Contar un cuento en base a sus imágenes a partir de la portada y siguiendo la secuencia de las páginas. | CN13: Describir oralmente imágenes gráficas (pictogramas) y digitales, estructurando oraciones más elaboradas que describan a los objetos que observa. | CO13: Describir oralmente imágenes relacionadas con los derechos de las personas en situación de movilidad | CP13: Expresarse oralmente pronunciando correctamente la mayoría de las palabras puede presentarse dificultades en la pronunciación de s, y la r. | CQ13: Expresarse utilizando oraciones cortas y completas manteniendo el orden de las palabras. | CR13: Identificar “auditivamente” el fonema (sonido) inicial de las palabras más utilizadas. | CS13: Identificar una persona adulta de confianza para solicitar apoyo al enfrentar desafíos emocionales en situaciones cotidianas del entorno escolar | CT13: Participar en conversaciones más complejas y largas manteniéndose dentro del tema. | CU13: Producir palabras que riman espontáneamente tomado en cuenta los sonidos finales de las mismas. | CV13: Realizar modificaciones del contenido de un cuento relatado por el adulto, cambiando partes del él como: acciones y final. | CW13: Realizar movimientos articulatorios complejos: movimientos de los labios juntos de izquierda a derecha, hacia adelante, movimiento de las mandíbulas a los lados, inflar las mejillas y movimiento de lengua de mayor dificultad | CX13: Reconocer etiquetas y rótulos de su entorno inmediato y los “lee”. | CY13: Relatar cuentos, narrados por el adulto, manteniendo la secuencia, sin la ayuda del paratexto. | CZ13: Reproducir trabalenguas sencillos, adivinanzas, canciones y poemas cortos, mejorando su pronunciación y potenciando su capacidad imaginativa. | DA13: Responder preguntas sobre un texto narrado por el adulto, relacionadas a los personajes y acciones principales. | DB13: Seguir instrucciones sencillas que involucren la ejecución de tres o más actividades | DD13: Cantar canciones siguiendo el ritmo y coordinando con las expresiones de su cuerpo. | DE13: Comunicar de manera escrita sus ideas intentando imitar letras o formas parecidas a letras. | DF13: Ejecutar patrones de más de dos ritmos con partes del cuerpo y elementos o instrumentos sonoros. | DG13: Expresar emociones utilizando materiales artísticos para reflejar su estado emocional para autocuidarse canalizando sentimientos de alegría, tristeza o frustración, sin asociar roles o conductas a expectativas de género | DH13: Expresar su opinión al observar una obra artística relacionada a la plástica o a la escultura. | DI13: Expresar sus vivencias y experiencias a través del dibujo libre. | DJ13: Mantener el ritmo y las secuencias de pasos sencillos durante la ejecución de coreografías. | DK13: Participar en dramatizaciones y actividades lúdicas que representen situaciones cotidianas en la vía para identificar y respetar las señales de tránsito básicas (como semáforos, señales de pare y cruces peatonales), promoviendo un comportamiento seguro y ordenado. | DL13: Participar en dramatizaciones, asumiendo roles de diferentes personas del entorno y de personajes de cuentos e historietas. | DM13: Participar en rondas populares, bailes y juegos tradicionales, asumiendo los roles y respetando las reglas. | DN13: Realizar actividades creativas utilizando las técnicas grafo plásticas con variedad de materiales. | DO13: PROMEDIO | DP13: Caminar y correr con soltura y seguridad manteniendo el equilibrio a diferentes distancias, orientaciones y ritmos en espacios parciales. | DQ13: Caminar, correr y saltar de un lugar a otro coordinadamente combinando estas formas de desplazamiento, a velocidades diferentes y en superficies planas e inclinadas con obstáculos. | DR13: Discriminar sonidos onomatopéyicos y diferencia los sonidos naturales de los artificiales | DS13: Ejecutar actividades coordinadamente y con un control adecuado de fuerza y tonicidad muscular como: lanzar, atrapar y patear objetos y pelotas. | DT13: Emplear su lado dominante en la realización de la mayoría de las actividades que utilice la mano, ojo y pie. | DU13: Galopar y salticar coordinadamente con obstáculos ejecutando circuitos. | DV13: Identificar en su cuerpo y en el de los demás partes y articulaciones del cuerpo humano, así como partes finas de la cara, a través de la exploración sensorial. | DW13: Mantener el equilibro al caminar sobre líneas rectas, curvas y quebradas con altura (aprox. 20 cm) logrando un adecuado control postural. | DX13: Mantener un adecuado control postural en diferentes posiciones del cuerpo y en desplazamientos. | DY13: Orientarse en el espacio realizando desplazamientos en función de consignas dadas con las nociones: entre, adelante-atrás, junto a, cerca-lejos | DZ13: Realiza varios movimientos y desplazamientos combinados a diferentes velocidades (rápido, lento), duración (largos y corto). | EA13: Realizar actividades de coordinación visomotriz con niveles de dificultad creciente en el tamaño y tipo de materiales. | EB13: Realizar desplazamientos y movimientos combinados utilizando el espacio total y parcial a diferentes distancias (largas-cortas) | EC13: Realizar ejercicios de equilibrio estático y dinámico, controlando los movimientos de las partes gruesas del cuerpo y estructurando motricidad facial y gestual según la consigna incrementando el lapso de tiempo. | ED13: Realizar ejercicios de simetría corporal como: identificar en el espejo y otros materiales las partes semejantes que conforman el lado derecho e izquierdo del cuerpo. | EE13: Realizar ejercicios que involucran movimientos segmentados de partes gruesas y finas del cuerpo (cuello, hombro, codo, muñeca, dedos, cadera, rodilla, tobillo, pie). | EF13: Realizar movimientos diferenciados con los lados laterales del cuerpo (un lado y otro lado). | EG13: Realizar movimientos para la coordinación de ojo y pie como: patear pelotas hacia un punto fijo determinado. | EH13: Realizar representaciones gráficas utilizando el dibujo con detalles que le dan intencionalidad y sentido para identificarlos | EI13: Reconocer la importancia del peatón y respetar su espacio en la vía mediante actividades lúdicas que fomenten el aprendizaje de normas de tránsito. | EJ13: Representar la figura humana utilizando el monigote e incorporando detalles según la interiorización de su imagen corporal. | EK13: Saltar de un pie a otro alternadamente, de manera autónoma. | EL13: Saltar en dos pies en sentido vertical obstáculos de 20 a 30 cm en altura y en sentido horizontal longitudes de aproximadamente 50 a 70 cm. | EM13: Subir y bajar escaleras alternando los pies. | EN13: Trepar y reptar a diferentes ritmos y en posiciones corporales diversas (cúbito ventral y cúbito dorsal). | EO13: Ubicar algunas partes de su cuerpo en función de las nociones de al lado, junto a, cerca-lejos. | EP13: Utilizar el espacio parcial e inicia con el uso del espacio total para realizar representaciones gráficas. | EQ13: Utilizar la pinza digital para coger lápices, marcadores, pinceles y diversos tipos de materiales. | ER13: PROMEDIO | ET13: AUTOCONOCIMIENTO | EU13: PENSAMIENO CRITICO | EV13: MANEJO DE PROBLEMAS | EW13: TOMA DE DECISIONES | EX13: TRABAJO EN EQUIPO | EY13: CONCIENCIA SOCIAL | EZ13: RELACIONES INTERPERSONALES | FA13: MANEJO DE CONFLICTOS | FB13: MANEJO DE EMOCIONES Y SENTIMIENTOS | FE13: COMPORTAMENTAL | FF13: HORAS JUSTIFICADAS | FG13: HORAS INJUSTIFICADAS | FH13: ATRASOS
XCT17: NUMAT | XCU17: NL | XCV17: APELLIDO | XCW17: CODFC | XCX17: CODMAT
B18: 1 | C18: =IF(NOTAS!E21>"",NOTAS!E21,"") -> ALARCON GARCIA LIAM KAEL | G18: 10 | H18: 10 | I18: 10 | J18: 10 | K18: 10 | L18: 10 | M18: 10 | N18: 10 | O18: 10 | P18: 10 | Q18: 10 | R18: 10 | S18: 10 | T18: 10 | U18: 10 | V18: 10 | W18: 10 | X18: 10 | Y18: =IFERROR(INT(FIXED(TRUNC(AVERAGE(G18:X18),2),0)),"") -> 10 | Z18: 8 | AA18: 8 | AB18: 8 | AC18: 8 | AD18: 8 | AE18: 8 | AF18: 8 | AG18: 8 | AH18: 8 | AI18: 8 | AJ18: 8 | AK18: 8 | AL18: 8 | AM18: 8 | AN18: 8 | AO18: =IFERROR(INT(FIXED(TRUNC(AVERAGE(Z18:AN18),2),0)),"") -> 8 | AP18: 10 | AQ18: 10 | AR18: 10 | AS18: 10 | AT18: 10 | AU18: 10 | AV18: 10 | AW18: 10 | AX18: 10 | AY18: 10 | AZ18: 10 | BA18: 10 | BB18: 10 | BC18: 10 | BD18: 10 | BE18: 10 | BF18: 10 | BG18: 10 | BH18: 10 | BI18: 10 | BJ18: =IFERROR(INT(FIXED(TRUNC(AVERAGE(AP18:BI18),2),0)),"") -> 10 | BK18: 8 | BL18: 8 | BM18: 8 | BN18: 8 | BO18: 8 | BP18: 8 | BQ18: 8 | BR18: 8 | BS18: 8 | BT18: 8 | BU18: 8 | BV18: 8 | BW18: 8 | BX18: 8 | BY18: 8 | BZ18: 8 | CA18: 8 | CB18: 8 | CC18: 8 | CD18: 8 | CE18: 8 | CF18: 8 | CG18: =IFERROR(INT(FIXED(TRUNC(AVERAGE(BK18:CF18),2),0)),"") -> 8 | CH18: 10 | CI18: 10 | CJ18: 10 | CK18: 10 | CL18: 10 | CM18: 10 | CN18: 10 | CO18: 10 | CP18: 10 | CQ18: 10 | CR18: 10 | CS18: 10 | CT18: 10 | CU18: 10 | CV18: 10 | CW18: 10 | CX18: 10 | CY18: 10 | CZ18: 10 | DA18: 10 | DB18: 10 | DC18: =IFERROR(INT(FIXED(TRUNC(AVERAGE(CH18:DB18),2),0)),"") -> 10 | DD18: 10 | DE18: 10 | DF18: 10 | DG18: 10 | DH18: 10 | DI18: 10 | DJ18: 10 | DK18: 10 | DL18: 10 | DM18: 10 | DN18: 10 | DO18: =IFERROR(INT(FIXED(TRUNC(AVERAGE(DD18:DN18),2),0)),"") -> 10 | DP18: 10 | DQ18: 10 | DR18: 10 | DS18: 10 | DT18: 10 | DU18: 10 | DV18: 10 | DW18: 10 | DX18: 10 | DY18: 10 | DZ18: 10 | EA18: 10 | EB18: 10 | EC18: 10 | ED18: 10 | EE18: 10 | EF18: 10 | EG18: 10 | EH18: 10 | EI18: 8 | EJ18: 10 | EK18: 10 | EL18: 10 | EM18: 10 | EN18: 10 | EO18: 10 | EP18: 10 | EQ18: 10 | ER18: =IFERROR(INT(FIXED(TRUNC(AVERAGE(DP18:EQ18),2),0)),"") -> 10 | ES18: =IF(OR(Y18="",AO18="",BJ18="",CG18="",DC18="",DO18=""),"",IFERROR(AVERAGE(Y18,AO18,BJ18,CG18,DC18,DO18),"")) -> 9.3333333 | ET18: S | EU18: S | EV18: F | EW18: S | EX18: F | EY18: F | EZ18: F | FA18: F | FB18: F | FC18: =IF(OR(ET18="",EU18="",EV18="",EW18="",EX18="",EY18="",EZ18="",FA18="",FB18=""),"",IF(FD18>=35,"A+",IF(FD18>=33,"A-",IF(FD18>=30,"B+",IF(FD18>=27,"B-",IF(FD18>=20,"C+",IF(FD18>=18,"C-",IF(FD18>=15,"D+",IF(FD18>=13,"D-",IF(FD18>=11,"E+",IF(FD18>=0,"E-"))))))))))) -> B+ | FD18: =IF(ET18="S",4,IF(ET18="F",3,IF(ET18="O",2,IF(ET18="N",1))))+IF(EU18="S",4,IF(EU18="F",3,IF(EU18="O",2,IF(EU18="N",1))))+IF(EV18="S",4,IF(EV18="F",3,IF(EV18="O",2,IF(EV18="N",1))))+IF(EW18="S",4,IF(EW18="F",3,IF(EW18="O",2,IF(EW18="N",1))))+IF(EX18="S",4,IF(EX18="F",3,IF(EX18="O",2,IF(EX18="N",1))))+IF(EY18="S",4,IF(EY18="F",3,IF(EY18="O",2,IF(EY18="N",1))))+IF(EZ18="S",4,IF(EZ18="F",3,IF(EZ18="O",2,IF(EZ18="N",1))))+IF(FA18="S",4,IF(FA18="F",3,IF(FA18="O",2,IF(FA18="N",1))))+IF(FB18="S",4,IF(FB18="F",3,IF(FB18="O",2,IF(FB18="N",1)))) -> 30 | FE18: =IF(FC18="","",FC18) -> B+
B19: 2 | C19: =IF(NOTAS!E22>"",NOTAS!E22,"") -> BURGOS MARTINEZ ALEXANDER ABDIEL | G19: 10 | H19: 10 | I19: 10 | J19: 10 | K19: 10 | L19: 10 | M19: 10 | N19: 10 | O19: 10 | P19: 10 | Q19: 10 | R19: 10 | S19: 10 | T19: 10 | U19: 10 | V19: 10 | W19: 10 | X19: 10 | Y19: =IFERROR(INT(FIXED(TRUNC(AVERAGE(G19:X19),2),0)),"") -> 10 | Z19: 10 | AA19: 10 | AB19: 10 | AC19: 10 | AD19: 10 | AE19: 10 | AF19: 10 | AG19: 10 | AH19: 10 | AI19: 10 | AJ19: 10 | AK19: 10 | AL19: 10 | AM19: 10 | AN19: 10 | AO19: =IFERROR(INT(FIXED(TRUNC(AVERAGE(Z19:AN19),2),0)),"") -> 10 | AP19: 10 | AQ19: 10 | AR19: 10 | AS19: 10 | AT19: 10 | AU19: 10 | AV19: 10 | AW19: 10 | AX19: 10 | AY19: 10 | AZ19: 10 | BA19: 10 | BB19: 10 | BC19: 10 | BD19: 10 | BE19: 10 | BF19: 10 | BG19: 10 | BH19: 10 | BI19: 10 | BJ19: =IFERROR(INT(FIXED(TRUNC(AVERAGE(AP19:BI19),2),0)),"") -> 10 | BK19: 7 | BL19: 7 | BM19: 7 | BN19: 7 | BO19: 7 | BP19: 7 | BQ19: 7 | BR19: 7 | BS19: 7 | BT19: 7 | BU19: 7 | BV19: 7 | BW19: 7 | BX19: 7 | BY19: 7 | BZ19: 7 | CA19: 7 | CB19: 7 | CC19: 7 | CD19: 7 | CE19: 7 | CF19: 7 | CG19: =IFERROR(INT(FIXED(TRUNC(AVERAGE(BK19:CF19),2),0)),"") -> 7 | CH19: 8 | CI19: 8 | CJ19: 8 | CK19: 8 | CL19: 8 | CM19: 8 | CN19: 8 | CO19: 8 | CP19: 8 | CQ19: 8 | CR19: 8 | CS19: 8 | CT19: 8 | CU19: 8 | CV19: 8 | CW19: 8 | CX19: 8 | CY19: 8 | CZ19: 8 | DA19: 8 | DB19: 8 | DC19: =IFERROR(INT(FIXED(TRUNC(AVERAGE(CH19:DB19),2),0)),"") -> 8 | DD19: 10 | DE19: 10 | DF19: 10 | DG19: 10 | DH19: 10 | DI19: 10 | DJ19: 10 | DK19: 10 | DL19: 10 | DM19: 10 | DN19: 10 | DO19: =IFERROR(INT(FIXED(TRUNC(AVERAGE(DD19:DN19),2),0)),"") -> 10 | DP19: 10 | DQ19: 10 | DR19: 10 | DS19: 10 | DT19: 10 | DU19: 10 | DV19: 10 | DW19: 10 | DX19: 10 | DY19: 10 | DZ19: 10 | EA19: 10 | EB19: 10 | EC19: 10 | ED19: 10 | EE19: 10 | EF19: 10 | EG19: 10 | EH19: 10 | EI19: 8 | EJ19: 10 | EK19: 10 | EL19: 10 | EM19: 10 | EN19: 10 | EO19: 10 | EP19: 10 | EQ19: 7 | ER19: =IFERROR(INT(FIXED(TRUNC(AVERAGE(DP19:EQ19),2),0)),"") -> 10 | ES19: =IF(OR(Y19="",AO19="",BJ19="",CG19="",DC19="",DO19=""),"",IFERROR(AVERAGE(Y19,AO19,BJ19,CG19,DC19,DO19),"")) -> 9.1666667 | ET19: S | EU19: S | EV19: F | EW19: S | EX19: S | EY19: S | EZ19: S | FA19: S | FB19: S | FC19: =IF(OR(ET19="",EU19="",EV19="",EW19="",EX19="",EY19="",EZ19="",FA19="",FB19=""),"",IF(FD19>=35,"A+",IF(FD19>=33,"A-",IF(FD19>=30,"B+",IF(FD19>=27,"B-",IF(FD19>=20,"C+",IF(FD19>=18,"C-",IF(FD19>=15,"D+",IF(FD19>=13,"D-",IF(FD19>=11,"E+",IF(FD19>=0,"E-"))))))))))) -> A+ | FD19: =IF(ET19="S",4,IF(ET19="F",3,IF(ET19="O",2,IF(ET19="N",1))))+IF(EU19="S",4,IF(EU19="F",3,IF(EU19="O",2,IF(EU19="N",1))))+IF(EV19="S",4,IF(EV19="F",3,IF(EV19="O",2,IF(EV19="N",1))))+IF(EW19="S",4,IF(EW19="F",3,IF(EW19="O",2,IF(EW19="N",1))))+IF(EX19="S",4,IF(EX19="F",3,IF(EX19="O",2,IF(EX19="N",1))))+IF(EY19="S",4,IF(EY19="F",3,IF(EY19="O",2,IF(EY19="N",1))))+IF(EZ19="S",4,IF(EZ19="F",3,IF(EZ19="O",2,IF(EZ19="N",1))))+IF(FA19="S",4,IF(FA19="F",3,IF(FA19="O",2,IF(FA19="N",1))))+IF(FB19="S",4,IF(FB19="F",3,IF(FB19="O",2,IF(FB19="N",1)))) -> 35 | FE19: =IF(FC19="","",FC19) -> A+
B20: 3 | C20: =IF(NOTAS!E23>"",NOTAS!E23,"") -> CARREÑO SANCHEZ AMMY VALENTINA | G20: 10 | H20: 10 | I20: 10 | J20: 10 | K20: 10 | L20: 10 | M20: 10 | N20: 10 | O20: 10 | P20: 10 | Q20: 10 | R20: 10 | S20: 10 | T20: 10 | U20: 10 | V20: 10 | W20: 10 | X20: 10 | Y20: =IFERROR(INT(FIXED(TRUNC(AVERAGE(G20:X20),2),0)),"") -> 10 | Z20: 10 | AA20: 10 | AB20: 10 | AC20: 10 | AD20: 10 | AE20: 10 | AF20: 10 | AG20: 10 | AH20: 10 | AI20: 10 | AJ20: 10 | AK20: 10 | AL20: 10 | AM20: 10 | AN20: 10 | AO20: =IFERROR(INT(FIXED(TRUNC(AVERAGE(Z20:AN20),2),0)),"") -> 10 | AP20: 10 | AQ20: 10 | AR20: 10 | AS20: 10 | AT20: 10 | AU20: 10 | AV20: 10 | AW20: 10 | AX20: 10 | AY20: 10 | AZ20: 10 | BA20: 10 | BB20: 10 | BC20: 10 | BD20: 10 | BE20: 10 | BF20: 10 | BG20: 10 | BH20: 10 | BI20: 10 | BJ20: =IFERROR(INT(FIXED(TRUNC(AVERAGE(AP20:BI20),2),0)),"") -> 10 | BK20: 10 | BL20: 10 | BM20: 10 | BN20: 10 | BO20: 10 | BP20: 10 | BQ20: 10 | BR20: 10 | BS20: 10 | BT20: 10 | BU20: 10 | BV20: 10 | BW20: 10 | BX20: 10 | BY20: 10 | BZ20: 10 | CA20: 10 | CB20: 10 | CC20: 10 | CD20: 10 | CE20: 10 | CF20: 10 | CG20: =IFERROR(INT(FIXED(TRUNC(AVERAGE(BK20:CF20),2),0)),"") -> 10 | CH20: 8 | CI20: 8 | CJ20: 8 | CK20: 8 | CL20: 8 | CM20: 8 | CN20: 8 | CO20: 8 | CP20: 8 | CQ20: 8 | CR20: 8 | CS20: 8 | CT20: 8 | CU20: 8 | CV20: 8 | CW20: 8 | CX20: 8 | CY20: 8 | CZ20: 8 | DA20: 8 | DB20: 8 | DC20: =IFERROR(INT(FIXED(TRUNC(AVERAGE(CH20:DB20),2),0)),"") -> 8 | DD20: 10 | DE20: 10 | DF20: 10 | DG20: 10 | DH20: 10 | DI20: 10 | DJ20: 10 | DK20: 10 | DL20: 10 | DM20: 10 | DN20: 10 | DO20: =IFERROR(INT(FIXED(TRUNC(AVERAGE(DD20:DN20),2),0)),"") -> 10 | DP20: 10 | DQ20: 10 | DR20: 10 | DS20: 10 | DT20: 10 | DU20: 10 | DV20: 10 | DW20: 10 | DX20: 10 | DY20: 10 | DZ20: 10 | EA20: 10 | EB20: 10 | EC20: 10 | ED20: 10 | EE20: 10 | EF20: 10 | EG20: 10 | EH20: 10 | EI20: 8 | EJ20: 10 | EK20: 10 | EL20: 10 | EM20: 10 | EN20: 10 | EO20: 10 | EP20: 10 | EQ20: 10 | ER20: =IFERROR(INT(FIXED(TRUNC(AVERAGE(DP20:EQ20),2),0)),"") -> 10 | ES20: =IF(OR(Y20="",AO20="",BJ20="",CG20="",DC20="",DO20=""),"",IFERROR(AVERAGE(Y20,AO20,BJ20,CG20,DC20,DO20),"")) -> 9.6666667 | ET20: S | EU20: S | EV20: S | EW20: S | EX20: S | EY20: S | EZ20: S | FA20: S | FB20: S | FC20: =IF(OR(ET20="",EU20="",EV20="",EW20="",EX20="",EY20="",EZ20="",FA20="",FB20=""),"",IF(FD20>=35,"A+",IF(FD20>=33,"A-",IF(FD20>=30,"B+",IF(FD20>=27,"B-",IF(FD20>=20,"C+",IF(FD20>=18,"C-",IF(FD20>=15,"D+",IF(FD20>=13,"D-",IF(FD20>=11,"E+",IF(FD20>=0,"E-"))))))))))) -> A+ | FD20: =IF(ET20="S",4,IF(ET20="F",3,IF(ET20="O",2,IF(ET20="N",1))))+IF(EU20="S",4,IF(EU20="F",3,IF(EU20="O",2,IF(EU20="N",1))))+IF(EV20="S",4,IF(EV20="F",3,IF(EV20="O",2,IF(EV20="N",1))))+IF(EW20="S",4,IF(EW20="F",3,IF(EW20="O",2,IF(EW20="N",1))))+IF(EX20="S",4,IF(EX20="F",3,IF(EX20="O",2,IF(EX20="N",1))))+IF(EY20="S",4,IF(EY20="F",3,IF(EY20="O",2,IF(EY20="N",1))))+IF(EZ20="S",4,IF(EZ20="F",3,IF(EZ20="O",2,IF(EZ20="N",1))))+IF(FA20="S",4,IF(FA20="F",3,IF(FA20="O",2,IF(FA20="N",1))))+IF(FB20="S",4,IF(FB20="F",3,IF(FB20="O",2,IF(FB20="N",1)))) -> 36 | FE20: =IF(FC20="","",FC20) -> A+
B21: 4 | C21: =IF(NOTAS!E24>"",NOTAS!E24,"") -> CASTRO GOMEZ ANNIA VALENTINA | G21: 10 | H21: 10 | I21: 10 | J21: 10 | K21: 10 | L21: 10 | M21: 10 | N21: 10 | O21: 10 | P21: 10 | Q21: 10 | R21: 10 | S21: 10 | T21: 10 | U21: 10 | V21: 10 | W21: 10 | X21: 10 | Y21: =IFERROR(INT(FIXED(TRUNC(AVERAGE(G21:X21),2),0)),"") -> 10 | Z21: 10 | AA21: 10 | AB21: 10 | AC21: 10 | AD21: 10 | AE21: 10 | AF21: 10 | AG21: 10 | AH21: 10 | AI21: 10 | AJ21: 10 | AK21: 10 | AL21: 10 | AM21: 10 | AN21: 10 | AO21: =IFERROR(INT(FIXED(TRUNC(AVERAGE(Z21:AN21),2),0)),"") -> 10 | AP21: 10 | AQ21: 10 | AR21: 10 | AS21: 10 | AT21: 10 | AU21: 10 | AV21: 10 | AW21: 10 | AX21: 10 | AY21: 10 | AZ21: 10 | BA21: 10 | BB21: 10 | BC21: 10 | BD21: 10 | BE21: 10 | BF21: 10 | BG21: 10 | BH21: 10 | BI21: 10 | BJ21: =IFERROR(INT(FIXED(TRUNC(AVERAGE(AP21:BI21),2),0)),"") -> 10 | BK21: 10 | BL21: 10 | BM21: 10 | BN21: 10 | BO21: 10 | BP21: 10 | BQ21: 10 | BR21: 10 | BS21: 10 | BT21: 10 | BU21: 10 | BV21: 10 | BW21: 10 | BX21: 10 | BY21: 10 | BZ21: 10 | CA21: 10 | CB21: 10 | CC21: 10 | CD21: 10 | CE21: 10 | CF21: 10 | CG21: =IFERROR(INT(FIXED(TRUNC(AVERAGE(BK21:CF21),2),0)),"") -> 10 | CH21: 8 | CI21: 8 | CJ21: 8 | CK21: 8 | CL21: 8 | CM21: 8 | CN21: 8 | CO21: 8 | CP21: 8 | CQ21: 8 | CR21: 8 | CS21: 8 | CT21: 8 | CU21: 8 | CV21: 8 | CW21: 8 | CX21: 8 | CY21: 8 | CZ21: 8 | DA21: 8 | DB21: 8 | DC21: =IFERROR(INT(FIXED(TRUNC(AVERAGE(CH21:DB21),2),0)),"") -> 8 | DD21: 10 | DE21: 10 | DF21: 10 | DG21: 10 | DH21: 10 | DI21: 10 | DJ21: 10 | DK21: 10 | DL21: 10 | DM21: 10 | DN21: 10 | DO21: =IFERROR(INT(FIXED(TRUNC(AVERAGE(DD21:DN21),2),0)),"") -> 10 | DP21: 8 | DQ21: 8 | DR21: 10 | DS21: 8 | DT21: 10 | DU21: 8 | DV21: 10 | DW21: 8 | DX21: 8 | DY21: 10 | DZ21: 10 | EA21: 10 | EB21: 10 | EC21: 10 | ED21: 10 | EE21: 10 | EF21: 10 | EG21: 10 | EH21: 10 | EI21: 8 | EJ21: 10 | EK21: 10 | EL21: 10 | EM21: 10 | EN21: 10 | EO21: 10 | EP21: 10 | EQ21: 10 | ER21: =IFERROR(INT(FIXED(TRUNC(AVERAGE(DP21:EQ21),2),0)),"") -> 10 | ES21: =IF(OR(Y21="",AO21="",BJ21="",CG21="",DC21="",DO21=""),"",IFERROR(AVERAGE(Y21,AO21,BJ21,CG21,DC21,DO21),"")) -> 9.6666667 | ET21: S | EU21: S | EV21: S | EW21: S | EX21: S | EY21: S | EZ21: S | FA21: S | FB21: S | FC21: =IF(OR(ET21="",EU21="",EV21="",EW21="",EX21="",EY21="",EZ21="",FA21="",FB21=""),"",IF(FD21>=35,"A+",IF(FD21>=33,"A-",IF(FD21>=30,"B+",IF(FD21>=27,"B-",IF(FD21>=20,"C+",IF(FD21>=18,"C-",IF(FD21>=15,"D+",IF(FD21>=13,"D-",IF(FD21>=11,"E+",IF(FD21>=0,"E-"))))))))))) -> A+ | FD21: =IF(ET21="S",4,IF(ET21="F",3,IF(ET21="O",2,IF(ET21="N",1))))+IF(EU21="S",4,IF(EU21="F",3,IF(EU21="O",2,IF(EU21="N",1))))+IF(EV21="S",4,IF(EV21="F",3,IF(EV21="O",2,IF(EV21="N",1))))+IF(EW21="S",4,IF(EW21="F",3,IF(EW21="O",2,IF(EW21="N",1))))+IF(EX21="S",4,IF(EX21="F",3,IF(EX21="O",2,IF(EX21="N",1))))+IF(EY21="S",4,IF(EY21="F",3,IF(EY21="O",2,IF(EY21="N",1))))+IF(EZ21="S",4,IF(EZ21="F",3,IF(EZ21="O",2,IF(EZ21="N",1))))+IF(FA21="S",4,IF(FA21="F",3,IF(FA21="O",2,IF(FA21="N",1))))+IF(FB21="S",4,IF(FB21="F",3,IF(FB21="O",2,IF(FB21="N",1)))) -> 36 | FE21: =IF(FC21="","",FC21) -> A+
B22: 5 | C22: =IF(NOTAS!E25>"",NOTAS!E25,"") -> CEDEÑO AGUIRRE KEYLOR DEMIR | G22: 10 | H22: 10 | I22: 10 | J22: 10 | K22: 10 | L22: 10 | M22: 10 | N22: 10 | O22: 10 | P22: 10 | Q22: 10 | R22: 10 | S22: 10 | T22: 10 | U22: 10 | V22: 10 | W22: 10 | X22: 10 | Y22: =IFERROR(INT(FIXED(TRUNC(AVERAGE(G22:X22),2),0)),"") -> 10 | Z22: 10 | AA22: 10 | AB22: 10 | AC22: 10 | AD22: 10 | AE22: 10 | AF22: 10 | AG22: 10 | AH22: 10 | AI22: 10 | AJ22: 10 | AK22: 10 | AL22: 10 | AM22: 10 | AN22: 10 | AO22: =IFERROR(INT(FIXED(TRUNC(AVERAGE(Z22:AN22),2),0)),"") -> 10 | AP22: 10 | AQ22: 10 | AR22: 10 | AS22: 10 | AT22: 10 | AU22: 10 | AV22: 10 | AW22: 10 | AX22: 10 | AY22: 10 | AZ22: 10 | BA22: 10 | BB22: 10 | BC22: 10 | BD22: 10 | BE22: 10 | BF22: 10 | BG22: 10 | BH22: 10 | BI22: 10 | BJ22: =IFERROR(INT(FIXED(TRUNC(AVERAGE(AP22:BI22),2),0)),"") -> 10 | BK22: 8 | BL22: 8 | BM22: 8 | BN22: 8 | BO22: 8 | BP22: 8 | BQ22: 8 | BR22: 8 | BS22: 8 | BT22: 8 | BU22: 8 | BV22: 8 | BW22: 8 | BX22: 8 | BY22: 8 | BZ22: 8 | CA22: 8 | CB22: 8 | CC22: 8 | CD22: 8 | CE22: 8 | CF22: 8 | CG22: =IFERROR(INT(FIXED(TRUNC(AVERAGE(BK22:CF22),2),0)),"") -> 8 | CH22: 8 | CI22: 8 | CJ22: 8 | CK22: 8 | CL22: 8 | CM22: 8 | CN22: 8 | CO22: 8 | CP22: 8 | CQ22: 8 | CR22: 8 | CS22: 8 | CT22: 8 | CU22: 8 | CV22: 8 | CW22: 8 | CX22: 8 | CY22: 8 | CZ22: 8 | DA22: 8 | DB22: 8 | DC22: =IFERROR(INT(FIXED(TRUNC(AVERAGE(CH22:DB22),2),0)),"") -> 8 | DD22: 10 | DE22: 10 | DF22: 10 | DG22: 10 | DH22: 10 | DI22: 10 | DJ22: 10 | DK22: 10 | DL22: 10 | DM22: 10 | DN22: 10 | DO22: =IFERROR(INT(FIXED(TRUNC(AVERAGE(DD22:DN22),2),0)),"") -> 10 | DP22: 10 | DQ22: 10 | DR22: 10 | DS22: 10 | DT22: 10 | DU22: 10 | DV22: 10 | DW22: 10 | DX22: 10 | DY22: 10 | DZ22: 10 | EA22: 10 | EB22: 10 | EC22: 10 | ED22: 10 | EE22: 10 | EF22: 10 | EG22: 10 | EH22: 10 | EI22: 10 | EJ22: 10 | EK22: 10 | EL22: 10 | EM22: 10 | EN22: 10 | EO22: 10 | EP22: 10 | EQ22: 10 | ER22: =IFERROR(INT(FIXED(TRUNC(AVERAGE(DP22:EQ22),2),0)),"") -> 10 | ES22: =IF(OR(Y22="",AO22="",BJ22="",CG22="",DC22="",DO22=""),"",IFERROR(AVERAGE(Y22,AO22,BJ22,CG22,DC22,DO22),"")) -> 9.3333333 | ET22: S | EU22: S | EV22: S | EW22: S | EX22: S | EY22: S | EZ22: S | FA22: S | FB22: S | FC22: =IF(OR(ET22="",EU22="",EV22="",EW22="",EX22="",EY22="",EZ22="",FA22="",FB22=""),"",IF(FD22>=35,"A+",IF(FD22>=33,"A-",IF(FD22>=30,"B+",IF(FD22>=27,"B-",IF(FD22>=20,"C+",IF(FD22>=18,"C-",IF(FD22>=15,"D+",IF(FD22>=13,"D-",IF(FD22>=11,"E+",IF(FD22>=0,"E-"))))))))))) -> A+ | FD22: =IF(ET22="S",4,IF(ET22="F",3,IF(ET22="O",2,IF(ET22="N",1))))+IF(EU22="S",4,IF(EU22="F",3,IF(EU22="O",2,IF(EU22="N",1))))+IF(EV22="S",4,IF(EV22="F",3,IF(EV22="O",2,IF(EV22="N",1))))+IF(EW22="S",4,IF(EW22="F",3,IF(EW22="O",2,IF(EW22="N",1))))+IF(EX22="S",4,IF(EX22="F",3,IF(EX22="O",2,IF(EX22="N",1))))+IF(EY22="S",4,IF(EY22="F",3,IF(EY22="O",2,IF(EY22="N",1))))+IF(EZ22="S",4,IF(EZ22="F",3,IF(EZ22="O",2,IF(EZ22="N",1))))+IF(FA22="S",4,IF(FA22="F",3,IF(FA22="O",2,IF(FA22="N",1))))+IF(FB22="S",4,IF(FB22="F",3,IF(FB22="O",2,IF(FB22="N",1)))) -> 36 | FE22: =IF(FC22="","",FC22) -> A+
B23: 6 | C23: =IF(NOTAS!E26>"",NOTAS!E26,"") -> CERDAN TORO MADISON YARELIS | G23: 10 | H23: 10 | I23: 10 | J23: 10 | K23: 10 | L23: 10 | M23: 10 | N23: 10 | O23: 10 | P23: 10 | Q23: 10 | R23: 10 | S23: 10 | T23: 10 | U23: 10 | V23: 10 | W23: 10 | X23: 10 | Y23: =IFERROR(INT(FIXED(TRUNC(AVERAGE(G23:X23),2),0)),"") -> 10 | Z23: 10 | AA23: 10 | AB23: 10 | AC23: 10 | AD23: 10 | AE23: 10 | AF23: 10 | AG23: 10 | AH23: 10 | AI23: 10 | AJ23: 10 | AK23: 10 | AL23: 10 | AM23: 10 | AN23: 10 | AO23: =IFERROR(INT(FIXED(TRUNC(AVERAGE(Z23:AN23),2),0)),"") -> 10 | AP23: 10 | AQ23: 10 | AR23: 10 | AS23: 10 | AT23: 10 | AU23: 10 | AV23: 10 | AW23: 10 | AX23: 10 | AY23: 10 | AZ23: 10 | BA23: 10 | BB23: 10 | BC23: 10 | BD23: 10 | BE23: 10 | BF23: 10 | BG23: 10 | BH23: 10 | BI23: 10 | BJ23: =IFERROR(INT(FIXED(TRUNC(AVERAGE(AP23:BI23),2),0)),"") -> 10 | BK23: 10 | BL23: 10 | BM23: 10 | BN23: 10 | BO23: 10 | BP23: 10 | BQ23: 10 | BR23: 10 | BS23: 10 | BT23: 10 | BU23: 10 | BV23: 10 | BW23: 10 | BX23: 10 | BY23: 10 | BZ23: 10 | CA23: 10 | CB23: 10 | CC23: 10 | CD23: 10 | CE23: 10 | CF23: 10 | CG23: =IFERROR(INT(FIXED(TRUNC(AVERAGE(BK23:CF23),2),0)),"") -> 10 | CH23: 8 | CI23: 8 | CJ23: 8 | CK23: 8 | CL23: 8 | CM23: 8 | CN23: 8 | CO23: 8 | CP23: 8 | CQ23: 8 | CR23: 8 | CS23: 8 | CT23: 8 | CU23: 8 | CV23: 8 | CW23: 8 | CX23: 8 | CY23: 8 | CZ23: 8 | DA23: 8 | DB23: 8 | DC23: =IFERROR(INT(FIXED(TRUNC(AVERAGE(CH23:DB23),2),0)),"") -> 8 | DD23: 10 | DE23: 10 | DF23: 10 | DG23: 10 | DH23: 10 | DI23: 10 | DJ23: 10 | DK23: 10 | DL23: 10 | DM23: 10 | DN23: 10 | DO23: =IFERROR(INT(FIXED(TRUNC(AVERAGE(DD23:DN23),2),0)),"") -> 10 | DP23: 10 | DQ23: 10 | DR23: 10 | DS23: 10 | DT23: 10 | DU23: 10 | DV23: 10 | DW23: 10 | DX23: 10 | DY23: 10 | DZ23: 10 | EA23: 10 | EB23: 10 | EC23: 10 | ED23: 10 | EE23: 10 | EF23: 10 | EG23: 10 | EH23: 10 | EI23: 8 | EJ23: 10 | EK23: 10 | EL23: 10 | EM23: 10 | EN23: 10 | EO23: 10 | EP23: 10 | EQ23: 10 | ER23: =IFERROR(INT(FIXED(TRUNC(AVERAGE(DP23:EQ23),2),0)),"") -> 10 | ES23: =IF(OR(Y23="",AO23="",BJ23="",CG23="",DC23="",DO23=""),"",IFERROR(AVERAGE(Y23,AO23,BJ23,CG23,DC23,DO23),"")) -> 9.6666667 | ET23: S | EU23: S | EV23: S | EW23: S | EX23: S | EY23: S | EZ23: S | FA23: S | FB23: S | FC23: =IF(OR(ET23="",EU23="",EV23="",EW23="",EX23="",EY23="",EZ23="",FA23="",FB23=""),"",IF(FD23>=35,"A+",IF(FD23>=33,"A-",IF(FD23>=30,"B+",IF(FD23>=27,"B-",IF(FD23>=20,"C+",IF(FD23>=18,"C-",IF(FD23>=15,"D+",IF(FD23>=13,"D-",IF(FD23>=11,"E+",IF(FD23>=0,"E-"))))))))))) -> A+ | FD23: =IF(ET23="S",4,IF(ET23="F",3,IF(ET23="O",2,IF(ET23="N",1))))+IF(EU23="S",4,IF(EU23="F",3,IF(EU23="O",2,IF(EU23="N",1))))+IF(EV23="S",4,IF(EV23="F",3,IF(EV23="O",2,IF(EV23="N",1))))+IF(EW23="S",4,IF(EW23="F",3,IF(EW23="O",2,IF(EW23="N",1))))+IF(EX23="S",4,IF(EX23="F",3,IF(EX23="O",2,IF(EX23="N",1))))+IF(EY23="S",4,IF(EY23="F",3,IF(EY23="O",2,IF(EY23="N",1))))+IF(EZ23="S",4,IF(EZ23="F",3,IF(EZ23="O",2,IF(EZ23="N",1))))+IF(FA23="S",4,IF(FA23="F",3,IF(FA23="O",2,IF(FA23="N",1))))+IF(FB23="S",4,IF(FB23="F",3,IF(FB23="O",2,IF(FB23="N",1)))) -> 36 | FE23: =IF(FC23="","",FC23) -> A+
B24: 7 | C24: =IF(NOTAS!E27>"",NOTAS!E27,"") -> CEVALLOS ZAMBRANO IAN SAHIR | G24: 10 | H24: 10 | I24: 10 | J24: 10 | K24: 10 | L24: 10 | M24: 10 | N24: 10 | O24: 10 | P24: 10 | Q24: 10 | R24: 10 | S24: 10 | T24: 10 | U24: 10 | V24: 10 | W24: 10 | X24: 10 | Y24: =IFERROR(INT(FIXED(TRUNC(AVERAGE(G24:X24),2),0)),"") -> 10 | Z24: 8 | AA24: 8 | AB24: 8 | AC24: 8 | AD24: 8 | AE24: 8 | AF24: 8 | AG24: 8 | AH24: 8 | AI24: 8 | AJ24: 8 | AK24: 8 | AL24: 8 | AM24: 8 | AN24: 8 | AO24: =IFERROR(INT(FIXED(TRUNC(AVERAGE(Z24:AN24),2),0)),"") -> 8 | AP24: 10 | AQ24: 10 | AR24: 10 | AS24: 10 | AT24: 10 | AU24: 10 | AV24: 10 | AW24: 10 | AX24: 10 | AY24: 10 | AZ24: 10 | BA24: 10 | BB24: 10 | BC24: 10 | BD24: 10 | BE24: 10 | BF24: 10 | BG24: 10 | BH24: 10 | BI24: 10 | BJ24: =IFERROR(INT(FIXED(TRUNC(AVERAGE(AP24:BI24),2),0)),"") -> 10 | BK24: 10 | BL24: 10 | BM24: 10 | BN24: 10 | BO24: 10 | BP24: 10 | BQ24: 10 | BR24: 10 | BS24: 10 | BT24: 10 | BU24: 10 | BV24: 10 | BW24: 10 | BX24: 10 | BY24: 10 | BZ24: 10 | CA24: 10 | CB24: 10 | CC24: 8 | CD24: 10 | CE24: 10 | CF24: 10 | CG24: =IFERROR(INT(FIXED(TRUNC(AVERAGE(BK24:CF24),2),0)),"") -> 10 | CH24: 10 | CI24: 10 | CJ24: 10 | CK24: 10 | CL24: 10 | CM24: 10 | CN24: 10 | CO24: 10 | CP24: 10 | CQ24: 10 | CR24: 10 | CS24: 10 | CT24: 10 | CU24: 10 | CV24: 10 | CW24: 10 | CX24: 10 | CY24: 10 | CZ24: 10 | DA24: 10 | DB24: 10 | DC24: =IFERROR(INT(FIXED(TRUNC(AVERAGE(CH24:DB24),2),0)),"") -> 10 | DD24: 10 | DE24: 10 | DF24: 10 | DG24: 10 | DH24: 10 | DI24: 10 | DJ24: 10 | DK24: 10 | DL24: 10 | DM24: 10 | DN24: 10 | DO24: =IFERROR(INT(FIXED(TRUNC(AVERAGE(DD24:DN24),2),0)),"") -> 10 | DP24: 10 | DQ24: 10 | DR24: 10 | DS24: 10 | DT24: 10 | DU24: 10 | DV24: 10 | DW24: 10 | DX24: 10 | DY24: 10 | DZ24: 10 | EA24: 10 | EB24: 10 | EC24: 10 | ED24: 10 | EE24: 10 | EF24: 10 | EG24: 10 | EH24: 10 | EI24: 8 | EJ24: 10 | EK24: 10 | EL24: 10 | EM24: 10 | EN24: 10 | EO24: 10 | EP24: 10 | EQ24: 7 | ER24: =IFERROR(INT(FIXED(TRUNC(AVERAGE(DP24:EQ24),2),0)),"") -> 10 | ES24: =IF(OR(Y24="",AO24="",BJ24="",CG24="",DC24="",DO24=""),"",IFERROR(AVERAGE(Y24,AO24,BJ24,CG24,DC24,DO24),"")) -> 9.6666667 | ET24: S | EU24: S | EV24: F | EW24: S | EX24: F | EY24: F | EZ24: F | FA24: F | FB24: F | FC24: =IF(OR(ET24="",EU24="",EV24="",EW24="",EX24="",EY24="",EZ24="",FA24="",FB24=""),"",IF(FD24>=35,"A+",IF(FD24>=33,"A-",IF(FD24>=30,"B+",IF(FD24>=27,"B-",IF(FD24>=20,"C+",IF(FD24>=18,"C-",IF(FD24>=15,"D+",IF(FD24>=13,"D-",IF(FD24>=11,"E+",IF(FD24>=0,"E-"))))))))))) -> B+ | FD24: =IF(ET24="S",4,IF(ET24="F",3,IF(ET24="O",2,IF(ET24="N",1))))+IF(EU24="S",4,IF(EU24="F",3,IF(EU24="O",2,IF(EU24="N",1))))+IF(EV24="S",4,IF(EV24="F",3,IF(EV24="O",2,IF(EV24="N",1))))+IF(EW24="S",4,IF(EW24="F",3,IF(EW24="O",2,IF(EW24="N",1))))+IF(EX24="S",4,IF(EX24="F",3,IF(EX24="O",2,IF(EX24="N",1))))+IF(EY24="S",4,IF(EY24="F",3,IF(EY24="O",2,IF(EY24="N",1))))+IF(EZ24="S",4,IF(EZ24="F",3,IF(EZ24="O",2,IF(EZ24="N",1))))+IF(FA24="S",4,IF(FA24="F",3,IF(FA24="O",2,IF(FA24="N",1))))+IF(FB24="S",4,IF(FB24="F",3,IF(FB24="O",2,IF(FB24="N",1)))) -> 30 | FE24: =IF(FC24="","",FC24) -> B+
B25: 8 | C25: =IF(NOTAS!E28>"",NOTAS!E28,"") -> CONGACHA OÑA JEAN PIERRE | G25: 10 | H25: 10 | I25: 10 | J25: 10 | K25: 10 | L25: 10 | M25: 10 | N25: 10 | O25: 10 | P25: 10 | Q25: 10 | R25: 10 | S25: 10 | T25: 10 | U25: 10 | V25: 10 | W25: 10 | X25: 10 | Y25: =IFERROR(INT(FIXED(TRUNC(AVERAGE(G25:X25),2),0)),"") -> 10 | Z25: 10 | AA25: 10 | AB25: 10 | AC25: 10 | AD25: 10 | AE25: 10 | AF25: 10 | AG25: 10 | AH25: 10 | AI25: 10 | AJ25: 10 | AK25: 10 | AL25: 10 | AM25: 10 | AN25: 10 | AO25: =IFERROR(INT(FIXED(TRUNC(AVERAGE(Z25:AN25),2),0)),"") -> 10 | AP25: 10 | AQ25: 10 | AR25: 10 | AS25: 10 | AT25: 10 | AU25: 10 | AV25: 10 | AW25: 10 | AX25: 10 | AY25: 10 | AZ25: 10 | BA25: 10 | BB25: 10 | BC25: 10 | BD25: 10 | BE25: 10 | BF25: 10 | BG25: 10 | BH25: 10 | BI25: 10 | BJ25: =IFERROR(INT(FIXED(TRUNC(AVERAGE(AP25:BI25),2),0)),"") -> 10 | BK25: 10 | BL25: 10 | BM25: 10 | BN25: 10 | BO25: 10 | BP25: 10 | BQ25: 10 | BR25: 10 | BS25: 10 | BT25: 10 | BU25: 10 | BV25: 10 | BW25: 10 | BX25: 10 | BY25: 10 | BZ25: 10 | CA25: 10 | CB25: 10 | CC25: 10 | CD25: 10 | CE25: 10 | CF25: 10 | CG25: =IFERROR(INT(FIXED(TRUNC(AVERAGE(BK25:CF25),2),0)),"") -> 10 | CH25: 10 | CI25: 10 | CJ25: 10 | CK25: 10 | CL25: 10 | CM25: 10 | CN25: 10 | CO25: 10 | CP25: 10 | CQ25: 10 | CR25: 10 | CS25: 10 | CT25: 10 | CU25: 10 | CV25: 10 | CW25: 10 | CX25: 10 | CY25: 10 | CZ25: 10 | DA25: 10 | DB25: 10 | DC25: =IFERROR(INT(FIXED(TRUNC(AVERAGE(CH25:DB25),2),0)),"") -> 10 | DD25: 10 | DE25: 10 | DF25: 10 | DG25: 10 | DH25: 10 | DI25: 10 | DJ25: 10 | DK25: 10 | DL25: 10 | DM25: 10 | DN25: 10 | DO25: =IFERROR(INT(FIXED(TRUNC(AVERAGE(DD25:DN25),2),0)),"") -> 10 | DP25: 10 | DQ25: 10 | DR25: 10 | DS25: 10 | DT25: 10 | DU25: 10 | DV25: 10 | DW25: 10 | DX25: 10 | DY25: 10 | DZ25: 10 | EA25: 10 | EB25: 10 | EC25: 10 | ED25: 10 | EE25: 10 | EF25: 10 | EG25: 10 | EH25: 10 | EI25: 8 | EJ25: 10 | EK25: 10 | EL25: 10 | EM25: 10 | EN25: 10 | EO25: 10 | EP25: 10 | EQ25: 7 | ER25: =IFERROR(INT(FIXED(TRUNC(AVERAGE(DP25:EQ25),2),0)),"") -> 10 | ES25: =IF(OR(Y25="",AO25="",BJ25="",CG25="",DC25="",DO25=""),"",IFERROR(AVERAGE(Y25,AO25,BJ25,CG25,DC25,DO25),"")) -> 10 | ET25: S | EU25: S | EV25: F | EW25: S | EX25: F | EY25: F | EZ25: F | FA25: F | FB25: F | FC25: =IF(OR(ET25="",EU25="",EV25="",EW25="",EX25="",EY25="",EZ25="",FA25="",FB25=""),"",IF(FD25>=35,"A+",IF(FD25>=33,"A-",IF(FD25>=30,"B+",IF(FD25>=27,"B-",IF(FD25>=20,"C+",IF(FD25>=18,"C-",IF(FD25>=15,"D+",IF(FD25>=13,"D-",IF(FD25>=11,"E+",IF(FD25>=0,"E-"))))))))))) -> B+ | FD25: =IF(ET25="S",4,IF(ET25="F",3,IF(ET25="O",2,IF(ET25="N",1))))+IF(EU25="S",4,IF(EU25="F",3,IF(EU25="O",2,IF(EU25="N",1))))+IF(EV25="S",4,IF(EV25="F",3,IF(EV25="O",2,IF(EV25="N",1))))+IF(EW25="S",4,IF(EW25="F",3,IF(EW25="O",2,IF(EW25="N",1))))+IF(EX25="S",4,IF(EX25="F",3,IF(EX25="O",2,IF(EX25="N",1))))+IF(EY25="S",4,IF(EY25="F",3,IF(EY25="O",2,IF(EY25="N",1))))+IF(EZ25="S",4,IF(EZ25="F",3,IF(EZ25="O",2,IF(EZ25="N",1))))+IF(FA25="S",4,IF(FA25="F",3,IF(FA25="O",2,IF(FA25="N",1))))+IF(FB25="S",4,IF(FB25="F",3,IF(FB25="O",2,IF(FB25="N",1)))) -> 30 | FE25: =IF(FC25="","",FC25) -> B+
B26: 9 | C26: =IF(NOTAS!E29>"",NOTAS!E29,"") -> CUEVA VILLEGAS VALENTINA STEFANIA | G26: 10 | H26: 10 | I26: 10 | J26: 10 | K26: 10 | L26: 10 | M26: 10 | N26: 10 | O26: 10 | P26: 10 | Q26: 10 | R26: 10 | S26: 10 | T26: 10 | U26: 10 | V26: 10 | W26: 10 | X26: 10 | Y26: =IFERROR(INT(FIXED(TRUNC(AVERAGE(G26:X26),2),0)),"") -> 10 | Z26: 10 | AA26: 10 | AB26: 10 | AC26: 10 | AD26: 10 | AE26: 10 | AF26: 10 | AG26: 10 | AH26: 10 | AI26: 10 | AJ26: 10 | AK26: 10 | AL26: 10 | AM26: 10 | AN26: 10 | AO26: =IFERROR(INT(FIXED(TRUNC(AVERAGE(Z26:AN26),2),0)),"") -> 10 | AP26: 10 | AQ26: 10 | AR26: 10 | AS26: 10 | AT26: 10 | AU26: 10 | AV26: 10 | AW26: 10 | AX26: 10 | AY26: 10 | AZ26: 10 | BA26: 10 | BB26: 10 | BC26: 10 | BD26: 10 | BE26: 10 | BF26: 10 | BG26: 10 | BH26: 10 | BI26: 10 | BJ26: =IFERROR(INT(FIXED(TRUNC(AVERAGE(AP26:BI26),2),0)),"") -> 10 | BK26: 10 | BL26: 10 | BM26: 10 | BN26: 10 | BO26: 10 | BP26: 10 | BQ26: 10 | BR26: 10 | BS26: 10 | BT26: 10 | BU26: 10 | BV26: 10 | BW26: 10 | BX26: 10 | BY26: 10 | BZ26: 10 | CA26: 10 | CB26: 10 | CC26: 10 | CD26: 10 | CE26: 10 | CF26: 10 | CG26: =IFERROR(INT(FIXED(TRUNC(AVERAGE(BK26:CF26),2),0)),"") -> 10 | CH26: 10 | CI26: 10 | CJ26: 10 | CK26: 10 | CL26: 10 | CM26: 10 | CN26: 10 | CO26: 10 | CP26: 10 | CQ26: 10 | CR26: 10 | CS26: 10 | CT26: 10 | CU26: 10 | CV26: 10 | CW26: 10 | CX26: 10 | CY26: 10 | CZ26: 10 | DA26: 10 | DB26: 10 | DC26: =IFERROR(INT(FIXED(TRUNC(AVERAGE(CH26:DB26),2),0)),"") -> 10 | DD26: 10 | DE26: 10 | DF26: 10 | DG26: 10 | DH26: 10 | DI26: 10 | DJ26: 10 | DK26: 10 | DL26: 10 | DM26: 10 | DN26: 10 | DO26: =IFERROR(INT(FIXED(TRUNC(AVERAGE(DD26:DN26),2),0)),"") -> 10 | DP26: 10 | DQ26: 10 | DR26: 10 | DS26: 10 | DT26: 10 | DU26: 10 | DV26: 10 | DW26: 10 | DX26: 10 | DY26: 10 | DZ26: 10 | EA26: 10 | EB26: 10 | EC26: 10 | ED26: 10 | EE26: 10 | EF26: 10 | EG26: 10 | EH26: 10 | EI26: 8 | EJ26: 10 | EK26: 10 | EL26: 10 | EM26: 10 | EN26: 10 | EO26: 10 | EP26: 10 | EQ26: 10 | ER26: =IFERROR(INT(FIXED(TRUNC(AVERAGE(DP26:EQ26),2),0)),"") -> 10 | ES26: =IF(OR(Y26="",AO26="",BJ26="",CG26="",DC26="",DO26=""),"",IFERROR(AVERAGE(Y26,AO26,BJ26,CG26,DC26,DO26),"")) -> 10 | ET26: S | EU26: S | EV26: S | EW26: S | EX26: S | EY26: S | EZ26: S | FA26: S | FB26: S | FC26: =IF(OR(ET26="",EU26="",EV26="",EW26="",EX26="",EY26="",EZ26="",FA26="",FB26=""),"",IF(FD26>=35,"A+",IF(FD26>=33,"A-",IF(FD26>=30,"B+",IF(FD26>=27,"B-",IF(FD26>=20,"C+",IF(FD26>=18,"C-",IF(FD26>=15,"D+",IF(FD26>=13,"D-",IF(FD26>=11,"E+",IF(FD26>=0,"E-"))))))))))) -> A+ | FD26: =IF(ET26="S",4,IF(ET26="F",3,IF(ET26="O",2,IF(ET26="N",1))))+IF(EU26="S",4,IF(EU26="F",3,IF(EU26="O",2,IF(EU26="N",1))))+IF(EV26="S",4,IF(EV26="F",3,IF(EV26="O",2,IF(EV26="N",1))))+IF(EW26="S",4,IF(EW26="F",3,IF(EW26="O",2,IF(EW26="N",1))))+IF(EX26="S",4,IF(EX26="F",3,IF(EX26="O",2,IF(EX26="N",1))))+IF(EY26="S",4,IF(EY26="F",3,IF(EY26="O",2,IF(EY26="N",1))))+IF(EZ26="S",4,IF(EZ26="F",3,IF(EZ26="O",2,IF(EZ26="N",1))))+IF(FA26="S",4,IF(FA26="F",3,IF(FA26="O",2,IF(FA26="N",1))))+IF(FB26="S",4,IF(FB26="F",3,IF(FB26="O",2,IF(FB26="N",1)))) -> 36 | FE26: =IF(FC26="","",FC26) -> A+
B27: 10 | C27: =IF(NOTAS!E30>"",NOTAS!E30,"") -> DE LA CRUZ VALLEJO JOEL ALEXANDER | G27: 10 | H27: 10 | I27: 10 | J27: 10 | K27: 10 | L27: 10 | M27: 10 | N27: 10 | O27: 10 | P27: 10 | Q27: 10 | R27: 10 | S27: 10 | T27: 10 | U27: 10 | V27: 10 | W27: 10 | X27: 10 | Y27: =IFERROR(INT(FIXED(TRUNC(AVERAGE(G27:X27),2),0)),"") -> 10 | Z27: 10 | AA27: 10 | AB27: 10 | AC27: 10 | AD27: 10 | AE27: 10 | AF27: 10 | AG27: 10 | AH27: 10 | AI27: 10 | AJ27: 10 | AK27: 10 | AL27: 10 | AM27: 10 | AN27: 10 | AO27: =IFERROR(INT(FIXED(TRUNC(AVERAGE(Z27:AN27),2),0)),"") -> 10 | AP27: 10 | AQ27: 10 | AR27: 10 | AS27: 10 | AT27: 10 | AU27: 10 | AV27: 10 | AW27: 10 | AX27: 10 | AY27: 10 | AZ27: 10 | BA27: 10 | BB27: 10 | BC27: 10 | BD27: 10 | BE27: 10 | BF27: 10 | BG27: 10 | BH27: 10 | BI27: 10 | BJ27: =IFERROR(INT(FIXED(TRUNC(AVERAGE(AP27:BI27),2),0)),"") -> 10 | BK27: 10 | BL27: 10 | BM27: 10 | BN27: 10 | BO27: 10 | BP27: 10 | BQ27: 10 | BR27: 10 | BS27: 10 | BT27: 10 | BU27: 10 | BV27: 10 | BW27: 10 | BX27: 10 | BY27: 10 | BZ27: 10 | CA27: 10 | CB27: 10 | CC27: 10 | CD27: 10 | CE27: 10 | CF27: 10 | CG27: =IFERROR(INT(FIXED(TRUNC(AVERAGE(BK27:CF27),2),0)),"") -> 10 | CH27: 10 | CI27: 10 | CJ27: 10 | CK27: 10 | CL27: 10 | CM27: 10 | CN27: 10 | CO27: 10 | CP27: 10 | CQ27: 10 | CR27: 10 | CS27: 10 | CT27: 10 | CU27: 10 | CV27: 10 | CW27: 10 | CX27: 10 | CY27: 10 | CZ27: 10 | DA27: 10 | DB27: 10 | DC27: =IFERROR(INT(FIXED(TRUNC(AVERAGE(CH27:DB27),2),0)),"") -> 10 | DD27: 10 | DE27: 10 | DF27: 10 | DG27: 10 | DH27: 10 | DI27: 10 | DJ27: 10 | DK27: 10 | DL27: 10 | DM27: 10 | DN27: 10 | DO27: =IFERROR(INT(FIXED(TRUNC(AVERAGE(DD27:DN27),2),0)),"") -> 10 | DP27: 10 | DQ27: 10 | DR27: 10 | DS27: 10 | DT27: 10 | DU27: 10 | DV27: 10 | DW27: 10 | DX27: 10 | DY27: 10 | DZ27: 10 | EA27: 10 | EB27: 10 | EC27: 10 | ED27: 10 | EE27: 10 | EF27: 10 | EG27: 10 | EH27: 10 | EI27: 8 | EJ27: 10 | EK27: 10 | EL27: 10 | EM27: 10 | EN27: 10 | EO27: 10 | EP27: 10 | EQ27: 10 | ER27: =IFERROR(INT(FIXED(TRUNC(AVERAGE(DP27:EQ27),2),0)),"") -> 10 | ES27: =IF(OR(Y27="",AO27="",BJ27="",CG27="",DC27="",DO27=""),"",IFERROR(AVERAGE(Y27,AO27,BJ27,CG27,DC27,DO27),"")) -> 10 | ET27: S | EU27: S | EV27: S | EW27: S | EX27: S | EY27: S | EZ27: S | FA27: S | FB27: S | FC27: =IF(OR(ET27="",EU27="",EV27="",EW27="",EX27="",EY27="",EZ27="",FA27="",FB27=""),"",IF(FD27>=35,"A+",IF(FD27>=33,"A-",IF(FD27>=30,"B+",IF(FD27>=27,"B-",IF(FD27>=20,"C+",IF(FD27>=18,"C-",IF(FD27>=15,"D+",IF(FD27>=13,"D-",IF(FD27>=11,"E+",IF(FD27>=0,"E-"))))))))))) -> A+ | FD27: =IF(ET27="S",4,IF(ET27="F",3,IF(ET27="O",2,IF(ET27="N",1))))+IF(EU27="S",4,IF(EU27="F",3,IF(EU27="O",2,IF(EU27="N",1))))+IF(EV27="S",4,IF(EV27="F",3,IF(EV27="O",2,IF(EV27="N",1))))+IF(EW27="S",4,IF(EW27="F",3,IF(EW27="O",2,IF(EW27="N",1))))+IF(EX27="S",4,IF(EX27="F",3,IF(EX27="O",2,IF(EX27="N",1))))+IF(EY27="S",4,IF(EY27="F",3,IF(EY27="O",2,IF(EY27="N",1))))+IF(EZ27="S",4,IF(EZ27="F",3,IF(EZ27="O",2,IF(EZ27="N",1))))+IF(FA27="S",4,IF(FA27="F",3,IF(FA27="O",2,IF(FA27="N",1))))+IF(FB27="S",4,IF(FB27="F",3,IF(FB27="O",2,IF(FB27="N",1)))) -> 36 | FE27: =IF(FC27="","",FC27) -> A+
B28: 11 | C28: =IF(NOTAS!E31>"",NOTAS!E31,"") -> DUEÑAS CALDERON LEONIDAS NICOLAI | G28: 10 | H28: 10 | I28: 10 | J28: 10 | K28: 10 | L28: 10 | M28: 10 | N28: 10 | O28: 10 | P28: 10 | Q28: 10 | R28: 10 | S28: 10 | T28: 10 | U28: 10 | V28: 10 | W28: 10 | X28: 10 | Y28: =IFERROR(INT(FIXED(TRUNC(AVERAGE(G28:X28),2),0)),"") -> 10 | Z28: 10 | AA28: 10 | AB28: 10 | AC28: 10 | AD28: 10 | AE28: 10 | AF28: 10 | AG28: 10 | AH28: 10 | AI28: 10 | AJ28: 10 | AK28: 10 | AL28: 10 | AM28: 10 | AN28: 10 | AO28: =IFERROR(INT(FIXED(TRUNC(AVERAGE(Z28:AN28),2),0)),"") -> 10 | AP28: 10 | AQ28: 10 | AR28: 10 | AS28: 10 | AT28: 10 | AU28: 10 | AV28: 10 | AW28: 10 | AX28: 10 | AY28: 10 | AZ28: 10 | BA28: 10 | BB28: 10 | BC28: 10 | BD28: 10 | BE28: 10 | BF28: 10 | BG28: 10 | BH28: 10 | BI28: 10 | BJ28: =IFERROR(INT(FIXED(TRUNC(AVERAGE(AP28:BI28),2),0)),"") -> 10 | BK28: 10 | BL28: 10 | BM28: 10 | BN28: 10 | BO28: 10 | BP28: 10 | BQ28: 10 | BR28: 10 | BS28: 10 | BT28: 10 | BU28: 10 | BV28: 10 | BW28: 10 | BX28: 10 | BY28: 10 | BZ28: 10 | CA28: 10 | CB28: 10 | CC28: 10 | CD28: 10 | CE28: 10 | CF28: 10 | CG28: =IFERROR(INT(FIXED(TRUNC(AVERAGE(BK28:CF28),2),0)),"") -> 10 | CH28: 10 | CI28: 10 | CJ28: 10 | CK28: 10 | CL28: 10 | CM28: 10 | CN28: 10 | CO28: 10 | CP28: 10 | CQ28: 10 | CR28: 10 | CS28: 10 | CT28: 10 | CU28: 10 | CV28: 10 | CW28: 10 | CX28: 10 | CY28: 10 | CZ28: 10 | DA28: 10 | DB28: 10 | DC28: =IFERROR(INT(FIXED(TRUNC(AVERAGE(CH28:DB28),2),0)),"") -> 10 | DD28: 10 | DE28: 10 | DF28: 10 | DG28: 10 | DH28: 10 | DI28: 10 | DJ28: 10 | DK28: 10 | DL28: 10 | DM28: 10 | DN28: 10 | DO28: =IFERROR(INT(FIXED(TRUNC(AVERAGE(DD28:DN28),2),0)),"") -> 10 | DP28: 10 | DQ28: 10 | DR28: 10 | DS28: 10 | DT28: 10 | DU28: 10 | DV28: 10 | DW28: 10 | DX28: 10 | DY28: 10 | DZ28: 10 | EA28: 10 | EB28: 10 | EC28: 10 | ED28: 10 | EE28: 10 | EF28: 10 | EG28: 10 | EH28: 10 | EI28: 8 | EJ28: 10 | EK28: 10 | EL28: 10 | EM28: 10 | EN28: 10 | EO28: 10 | EP28: 10 | EQ28: 10 | ER28: =IFERROR(INT(FIXED(TRUNC(AVERAGE(DP28:EQ28),2),0)),"") -> 10 | ES28: =IF(OR(Y28="",AO28="",BJ28="",CG28="",DC28="",DO28=""),"",IFERROR(AVERAGE(Y28,AO28,BJ28,CG28,DC28,DO28),"")) -> 10 | ET28: S | EU28: S | EV28: F | EW28: S | EX28: F | EY28: F | EZ28: F | FA28: F | FB28: F | FC28: =IF(OR(ET28="",EU28="",EV28="",EW28="",EX28="",EY28="",EZ28="",FA28="",FB28=""),"",IF(FD28>=35,"A+",IF(FD28>=33,"A-",IF(FD28>=30,"B+",IF(FD28>=27,"B-",IF(FD28>=20,"C+",IF(FD28>=18,"C-",IF(FD28>=15,"D+",IF(FD28>=13,"D-",IF(FD28>=11,"E+",IF(FD28>=0,"E-"))))))))))) -> B+ | FD28: =IF(ET28="S",4,IF(ET28="F",3,IF(ET28="O",2,IF(ET28="N",1))))+IF(EU28="S",4,IF(EU28="F",3,IF(EU28="O",2,IF(EU28="N",1))))+IF(EV28="S",4,IF(EV28="F",3,IF(EV28="O",2,IF(EV28="N",1))))+IF(EW28="S",4,IF(EW28="F",3,IF(EW28="O",2,IF(EW28="N",1))))+IF(EX28="S",4,IF(EX28="F",3,IF(EX28="O",2,IF(EX28="N",1))))+IF(EY28="S",4,IF(EY28="F",3,IF(EY28="O",2,IF(EY28="N",1))))+IF(EZ28="S",4,IF(EZ28="F",3,IF(EZ28="O",2,IF(EZ28="N",1))))+IF(FA28="S",4,IF(FA28="F",3,IF(FA28="O",2,IF(FA28="N",1))))+IF(FB28="S",4,IF(FB28="F",3,IF(FB28="O",2,IF(FB28="N",1)))) -> 30 | FE28: =IF(FC28="","",FC28) -> B+
B29: 12 | C29: =IF(NOTAS!E32>"",NOTAS!E32,"") -> GOMEZ CELI ELIAM LEVIT | G29: 10 | H29: 10 | I29: 10 | J29: 10 | K29: 10 | L29: 10 | M29: 10 | N29: 10 | O29: 10 | P29: 10 | Q29: 10 | R29: 10 | S29: 10 | T29: 10 | U29: 10 | V29: 10 | W29: 10 | X29: 10 | Y29: =IFERROR(INT(FIXED(TRUNC(AVERAGE(G29:X29),2),0)),"") -> 10 | Z29: 10 | AA29: 10 | AB29: 10 | AC29: 10 | AD29: 10 | AE29: 10 | AF29: 10 | AG29: 10 | AH29: 10 | AI29: 10 | AJ29: 10 | AK29: 10 | AL29: 10 | AM29: 10 | AN29: 10 | AO29: =IFERROR(INT(FIXED(TRUNC(AVERAGE(Z29:AN29),2),0)),"") -> 10 | AP29: 10 | AQ29: 10 | AR29: 10 | AS29: 10 | AT29: 10 | AU29: 10 | AV29: 10 | AW29: 10 | AX29: 10 | AY29: 10 | AZ29: 10 | BA29: 10 | BB29: 10 | BC29: 10 | BD29: 10 | BE29: 10 | BF29: 10 | BG29: 10 | BH29: 10 | BI29: 10 | BJ29: =IFERROR(INT(FIXED(TRUNC(AVERAGE(AP29:BI29),2),0)),"") -> 10 | BK29: 10 | BL29: 10 | BM29: 10 | BN29: 10 | BO29: 10 | BP29: 10 | BQ29: 10 | BR29: 10 | BS29: 10 | BT29: 10 | BU29: 10 | BV29: 10 | BW29: 10 | BX29: 10 | BY29: 10 | BZ29: 10 | CA29: 10 | CB29: 10 | CC29: 10 | CD29: 10 | CE29: 10 | CF29: 10 | CG29: =IFERROR(INT(FIXED(TRUNC(AVERAGE(BK29:CF29),2),0)),"") -> 10 | CH29: 8 | CI29: 8 | CJ29: 8 | CK29: 8 | CL29: 8 | CM29: 8 | CN29: 8 | CO29: 8 | CP29: 8 | CQ29: 8 | CR29: 8 | CS29: 8 | CT29: 8 | CU29: 8 | CV29: 8 | CW29: 8 | CX29: 8 | CY29: 8 | CZ29: 8 | DA29: 8 | DB29: 8 | DC29: =IFERROR(INT(FIXED(TRUNC(AVERAGE(CH29:DB29),2),0)),"") -> 8 | DD29: 10 | DE29: 10 | DF29: 10 | DG29: 10 | DH29: 10 | DI29: 10 | DJ29: 10 | DK29: 10 | DL29: 10 | DM29: 10 | DN29: 10 | DO29: =IFERROR(INT(FIXED(TRUNC(AVERAGE(DD29:DN29),2),0)),"") -> 10 | DP29: 10 | DQ29: 10 | DR29: 10 | DS29: 10 | DT29: 10 | DU29: 10 | DV29: 10 | DW29: 10 | DX29: 10 | DY29: 10 | DZ29: 10 | EA29: 10 | EB29: 10 | EC29: 10 | ED29: 10 | EE29: 10 | EF29: 10 | EG29: 10 | EH29: 10 | EI29: 8 | EJ29: 10 | EK29: 10 | EL29: 10 | EM29: 10 | EN29: 10 | EO29: 10 | EP29: 10 | EQ29: 10 | ER29: =IFERROR(INT(FIXED(TRUNC(AVERAGE(DP29:EQ29),2),0)),"") -> 10 | ES29: =IF(OR(Y29="",AO29="",BJ29="",CG29="",DC29="",DO29=""),"",IFERROR(AVERAGE(Y29,AO29,BJ29,CG29,DC29,DO29),"")) -> 9.6666667 | ET29: S | EU29: S | EV29: S | EW29: S | EX29: S | EY29: S | EZ29: S | FA29: S | FB29: S | FC29: =IF(OR(ET29="",EU29="",EV29="",EW29="",EX29="",EY29="",EZ29="",FA29="",FB29=""),"",IF(FD29>=35,"A+",IF(FD29>=33,"A-",IF(FD29>=30,"B+",IF(FD29>=27,"B-",IF(FD29>=20,"C+",IF(FD29>=18,"C-",IF(FD29>=15,"D+",IF(FD29>=13,"D-",IF(FD29>=11,"E+",IF(FD29>=0,"E-"))))))))))) -> A+ | FD29: =IF(ET29="S",4,IF(ET29="F",3,IF(ET29="O",2,IF(ET29="N",1))))+IF(EU29="S",4,IF(EU29="F",3,IF(EU29="O",2,IF(EU29="N",1))))+IF(EV29="S",4,IF(EV29="F",3,IF(EV29="O",2,IF(EV29="N",1))))+IF(EW29="S",4,IF(EW29="F",3,IF(EW29="O",2,IF(EW29="N",1))))+IF(EX29="S",4,IF(EX29="F",3,IF(EX29="O",2,IF(EX29="N",1))))+IF(EY29="S",4,IF(EY29="F",3,IF(EY29="O",2,IF(EY29="N",1))))+IF(EZ29="S",4,IF(EZ29="F",3,IF(EZ29="O",2,IF(EZ29="N",1))))+IF(FA29="S",4,IF(FA29="F",3,IF(FA29="O",2,IF(FA29="N",1))))+IF(FB29="S",4,IF(FB29="F",3,IF(FB29="O",2,IF(FB29="N",1)))) -> 36 | FE29: =IF(FC29="","",FC29) -> A+
... B42: 25 | C42: =IF(NOTAS!E45>"",NOTAS!E45,"") -> ZAMBRANO CEDEÑO LESLY GISELL | G42: 10 | H42: 10 | I42: 10 | J42: 10 | K42: 10 | L42: 10 | M42: 10 | N42: 10 | O42: 10 | P42: 10 | Q42: 10 | R42: 10 | S42: 10 | T42: 10 | U42: 10 | V42: 10 | W42: 10 | X42: 10 | Y42: =IFERROR(INT(FIXED(TRUNC(AVERAGE(G42:X42),2),0)),"") -> 10 | Z42: 10 | AA42: 10 | AB42: 10 | AC42: 10 | AD42: 10 | AE42: 10 | AF42: 10 | AG42: 10 | AH42: 10 | AI42: 10 | AJ42: 10 | AK42: 10 | AL42: 10 | AM42: 10 | AN42: 10 | AO42: =IFERROR(INT(FIXED(TRUNC(AVERAGE(Z42:AN42),2),0)),"") -> 10 | AP42: 10 | AQ42: 10 | AR42: 10 | AS42: 10 | AT42: 10 | AU42: 10 | AV42: 10 | AW42: 10 | AX42: 10 | AY42: 10 | AZ42: 10 | BA42: 10 | BB42: 10 | BC42: 10 | BD42: 10 | BE42: 10 | BF42: 10 | BG42: 10 | BH42: 10 | BI42: 10 | BJ42: =IFERROR(INT(FIXED(TRUNC(AVERAGE(AP42:BI42),2),0)),"") -> 10 | BK42: 10 | BL42: 10 | BM42: 10 | BN42: 10 | BO42: 10 | BP42: 10 | BQ42: 10 | BR42: 10 | BS42: 10 | BT42: 10 | BU42: 10 | BV42: 10 | BW42: 10 | BX42: 10 | BY42: 10 | BZ42: 10 | CA42: 10 | CB42: 10 | CC42: 10 | CD42: 10 | CE42: 10 | CF42: 10 | CG42: =IFERROR(INT(FIXED(TRUNC(AVERAGE(BK42:CF42),2),0)),"") -> 10 | CH42: 8 | CI42: 8 | CJ42: 8 | CK42: 8 | CL42: 8 | CM42: 8 | CN42: 8 | CO42: 8 | CP42: 8 | CQ42: 8 | CR42: 8 | CS42: 8 | CT42: 8 | CU42: 8 | CV42: 8 | CW42: 8 | CX42: 8 | CY42: 8 | CZ42: 8 | DA42: 8 | DB42: 8 | DC42: =IFERROR(INT(FIXED(TRUNC(AVERAGE(CH42:DB42),2),0)),"") -> 8 | DD42: 10 | DE42: 10 | DF42: 10 | DG42: 10 | DH42: 10 | DI42: 10 | DJ42: 10 | DK42: 10 | DL42: 10 | DM42: 10 | DN42: 10 | DO42: =IFERROR(INT(FIXED(TRUNC(AVERAGE(DD42:DN42),2),0)),"") -> 10 | DP42: 10 | DQ42: 10 | DR42: 10 | DS42: 10 | DT42: 10 | DU42: 10 | DV42: 10 | DW42: 10 | DX42: 10 | DY42: 10 | DZ42: 10 | EA42: 10 | EB42: 10 | EC42: 10 | ED42: 10 | EE42: 10 | EF42: 10 | EG42: 10 | EH42: 10 | EI42: 8 | EJ42: 10 | EK42: 10 | EL42: 10 | EM42: 10 | EN42: 10 | EO42: 10 | EP42: 10 | EQ42: 10 | ER42: =IFERROR(INT(FIXED(TRUNC(AVERAGE(DP42:EQ42),2),0)),"") -> 10 | ES42: =IF(OR(Y42="",AO42="",BJ42="",CG42="",DC42="",DO42=""),"",IFERROR(AVERAGE(Y42,AO42,BJ42,CG42,DC42,DO42),"")) -> 9.6666667 | ET42: S | EU42: S | EV42: S | EW42: S | EX42: S | EY42: S | EZ42: S | FA42: S | FB42: S | FC42: =IF(OR(ET42="",EU42="",EV42="",EW42="",EX42="",EY42="",EZ42="",FA42="",FB42=""),"",IF(FD42>=35,"A+",IF(FD42>=33,"A-",IF(FD42>=30,"B+",IF(FD42>=27,"B-",IF(FD42>=20,"C+",IF(FD42>=18,"C-",IF(FD42>=15,"D+",IF(FD42>=13,"D-",IF(FD42>=11,"E+",IF(FD42>=0,"E-"))))))))))) -> A+ | FD42: =IF(ET42="S",4,IF(ET42="F",3,IF(ET42="O",2,IF(ET42="N",1))))+IF(EU42="S",4,IF(EU42="F",3,IF(EU42="O",2,IF(EU42="N",1))))+IF(EV42="S",4,IF(EV42="F",3,IF(EV42="O",2,IF(EV42="N",1))))+IF(EW42="S",4,IF(EW42="F",3,IF(EW42="O",2,IF(EW42="N",1))))+IF(EX42="S",4,IF(EX42="F",3,IF(EX42="O",2,IF(EX42="N",1))))+IF(EY42="S",4,IF(EY42="F",3,IF(EY42="O",2,IF(EY42="N",1))))+IF(EZ42="S",4,IF(EZ42="F",3,IF(EZ42="O",2,IF(EZ42="N",1))))+IF(FA42="S",4,IF(FA42="F",3,IF(FA42="O",2,IF(FA42="N",1))))+IF(FB42="S",4,IF(FB42="F",3,IF(FB42="O",2,IF(FB42="N",1)))) -> 36 | FE42: =IF(FC42="","",FC42) -> A+
B43: 26 | C43: =IF(NOTAS!E46>"",NOTAS!E46,"") | Y43: =IFERROR(INT(FIXED(TRUNC(AVERAGE(G43:X43),2),0)),"") | AO43: =IFERROR(INT(FIXED(TRUNC(AVERAGE(Z43:AN43),2),0)),"") | BJ43: =IFERROR(INT(FIXED(TRUNC(AVERAGE(AP43:BI43),2),0)),"") | CG43: =IFERROR(INT(FIXED(TRUNC(AVERAGE(BK43:CF43),2),0)),"") | DC43: =IFERROR(INT(FIXED(TRUNC(AVERAGE(CH43:DB43),2),0)),"") | DO43: =IFERROR(INT(FIXED(TRUNC(AVERAGE(DD43:DN43),2),0)),"") | ER43: =IFERROR(INT(FIXED(TRUNC(AVERAGE(DP43:EQ43),2),0)),"") | ES43: =IF(OR(Y43="",AO43="",BJ43="",CG43="",DC43="",DO43=""),"",IFERROR(AVERAGE(Y43,AO43,BJ43,CG43,DC43,DO43),"")) | FC43: =IF(OR(ET43="",EU43="",EV43="",EW43="",EX43="",EY43="",EZ43="",FA43="",FB43=""),"",IF(FD43>=35,"A+",IF(FD43>=33,"A-",IF(FD43>=30,"B+",IF(FD43>=27,"B-",IF(FD43>=20,"C+",IF(FD43>=18,"C-",IF(FD43>=15,"D+",IF(FD43>=13,"D-",IF(FD43>=11,"E+",IF(FD43>=0,"E-"))))))))))) | FD43: =IF(ET43="S",4,IF(ET43="F",3,IF(ET43="O",2,IF(ET43="N",1))))+IF(EU43="S",4,IF(EU43="F",3,IF(EU43="O",2,IF(EU43="N",1))))+IF(EV43="S",4,IF(EV43="F",3,IF(EV43="O",2,IF(EV43="N",1))))+IF(EW43="S",4,IF(EW43="F",3,IF(EW43="O",2,IF(EW43="N",1))))+IF(EX43="S",4,IF(EX43="F",3,IF(EX43="O",2,IF(EX43="N",1))))+IF(EY43="S",4,IF(EY43="F",3,IF(EY43="O",2,IF(EY43="N",1))))+IF(EZ43="S",4,IF(EZ43="F",3,IF(EZ43="O",2,IF(EZ43="N",1))))+IF(FA43="S",4,IF(FA43="F",3,IF(FA43="O",2,IF(FA43="N",1))))+IF(FB43="S",4,IF(FB43="F",3,IF(FB43="O",2,IF(FB43="N",1)))) -> 0 | FE43: =IF(FC43="","",FC43)
B44: 27 | C44: =IF(NOTAS!E47>"",NOTAS!E47,"") | Y44: =IFERROR(INT(FIXED(TRUNC(AVERAGE(G44:X44),2),0)),"") | AO44: =IFERROR(INT(FIXED(TRUNC(AVERAGE(Z44:AN44),2),0)),"") | BJ44: =IFERROR(INT(FIXED(TRUNC(AVERAGE(AP44:BI44),2),0)),"") | CG44: =IFERROR(INT(FIXED(TRUNC(AVERAGE(BK44:CF44),2),0)),"") | DC44: =IFERROR(INT(FIXED(TRUNC(AVERAGE(CH44:DB44),2),0)),"") | DO44: =IFERROR(INT(FIXED(TRUNC(AVERAGE(DD44:DN44),2),0)),"") | ER44: =IFERROR(INT(FIXED(TRUNC(AVERAGE(DP44:EQ44),2),0)),"") | ES44: =IF(OR(Y44="",AO44="",BJ44="",CG44="",DC44="",DO44=""),"",IFERROR(AVERAGE(Y44,AO44,BJ44,CG44,DC44,DO44),"")) | FC44: =IF(OR(ET44="",EU44="",EV44="",EW44="",EX44="",EY44="",EZ44="",FA44="",FB44=""),"",IF(FD44>=35,"A+",IF(FD44>=33,"A-",IF(FD44>=30,"B+",IF(FD44>=27,"B-",IF(FD44>=20,"C+",IF(FD44>=18,"C-",IF(FD44>=15,"D+",IF(FD44>=13,"D-",IF(FD44>=11,"E+",IF(FD44>=0,"E-"))))))))))) | FD44: =IF(ET44="S",4,IF(ET44="F",3,IF(ET44="O",2,IF(ET44="N",1))))+IF(EU44="S",4,IF(EU44="F",3,IF(EU44="O",2,IF(EU44="N",1))))+IF(EV44="S",4,IF(EV44="F",3,IF(EV44="O",2,IF(EV44="N",1))))+IF(EW44="S",4,IF(EW44="F",3,IF(EW44="O",2,IF(EW44="N",1))))+IF(EX44="S",4,IF(EX44="F",3,IF(EX44="O",2,IF(EX44="N",1))))+IF(EY44="S",4,IF(EY44="F",3,IF(EY44="O",2,IF(EY44="N",1))))+IF(EZ44="S",4,IF(EZ44="F",3,IF(EZ44="O",2,IF(EZ44="N",1))))+IF(FA44="S",4,IF(FA44="F",3,IF(FA44="O",2,IF(FA44="N",1))))+IF(FB44="S",4,IF(FB44="F",3,IF(FB44="O",2,IF(FB44="N",1)))) -> 0 | FE44: =IF(FC44="","",FC44)
B45: 28 | C45: =IF(NOTAS!E48>"",NOTAS!E48,"") | Y45: =IFERROR(INT(FIXED(TRUNC(AVERAGE(G45:X45),2),0)),"") | AO45: =IFERROR(INT(FIXED(TRUNC(AVERAGE(Z45:AN45),2),0)),"") | BJ45: =IFERROR(INT(FIXED(TRUNC(AVERAGE(AP45:BI45),2),0)),"") | CG45: =IFERROR(INT(FIXED(TRUNC(AVERAGE(BK45:CF45),2),0)),"") | DC45: =IFERROR(INT(FIXED(TRUNC(AVERAGE(CH45:DB45),2),0)),"") | DO45: =IFERROR(INT(FIXED(TRUNC(AVERAGE(DD45:DN45),2),0)),"") | ER45: =IFERROR(INT(FIXED(TRUNC(AVERAGE(DP45:EQ45),2),0)),"") | ES45: =IF(OR(Y45="",AO45="",BJ45="",CG45="",DC45="",DO45=""),"",IFERROR(AVERAGE(Y45,AO45,BJ45,CG45,DC45,DO45),"")) | FC45: =IF(OR(ET45="",EU45="",EV45="",EW45="",EX45="",EY45="",EZ45="",FA45="",FB45=""),"",IF(FD45>=35,"A+",IF(FD45>=33,"A-",IF(FD45>=30,"B+",IF(FD45>=27,"B-",IF(FD45>=20,"C+",IF(FD45>=18,"C-",IF(FD45>=15,"D+",IF(FD45>=13,"D-",IF(FD45>=11,"E+",IF(FD45>=0,"E-"))))))))))) | FD45: =IF(ET45="S",4,IF(ET45="F",3,IF(ET45="O",2,IF(ET45="N",1))))+IF(EU45="S",4,IF(EU45="F",3,IF(EU45="O",2,IF(EU45="N",1))))+IF(EV45="S",4,IF(EV45="F",3,IF(EV45="O",2,IF(EV45="N",1))))+IF(EW45="S",4,IF(EW45="F",3,IF(EW45="O",2,IF(EW45="N",1))))+IF(EX45="S",4,IF(EX45="F",3,IF(EX45="O",2,IF(EX45="N",1))))+IF(EY45="S",4,IF(EY45="F",3,IF(EY45="O",2,IF(EY45="N",1))))+IF(EZ45="S",4,IF(EZ45="F",3,IF(EZ45="O",2,IF(EZ45="N",1))))+IF(FA45="S",4,IF(FA45="F",3,IF(FA45="O",2,IF(FA45="N",1))))+IF(FB45="S",4,IF(FB45="F",3,IF(FB45="O",2,IF(FB45="N",1)))) -> 0 | FE45: =IF(FC45="","",FC45)
B46: 29 | C46: =IF(NOTAS!E49>"",NOTAS!E49,"") | Y46: =IFERROR(INT(FIXED(TRUNC(AVERAGE(G46:X46),2),0)),"") | AO46: =IFERROR(INT(FIXED(TRUNC(AVERAGE(Z46:AN46),2),0)),"") | BJ46: =IFERROR(INT(FIXED(TRUNC(AVERAGE(AP46:BI46),2),0)),"") | CG46: =IFERROR(INT(FIXED(TRUNC(AVERAGE(BK46:CF46),2),0)),"") | DC46: =IFERROR(INT(FIXED(TRUNC(AVERAGE(CH46:DB46),2),0)),"") | DO46: =IFERROR(INT(FIXED(TRUNC(AVERAGE(DD46:DN46),2),0)),"") | ER46: =IFERROR(INT(FIXED(TRUNC(AVERAGE(DP46:EQ46),2),0)),"") | ES46: =IF(OR(Y46="",AO46="",BJ46="",CG46="",DC46="",DO46=""),"",IFERROR(AVERAGE(Y46,AO46,BJ46,CG46,DC46,DO46),"")) | FC46: =IF(OR(ET46="",EU46="",EV46="",EW46="",EX46="",EY46="",EZ46="",FA46="",FB46=""),"",IF(FD46>=35,"A+",IF(FD46>=33,"A-",IF(FD46>=30,"B+",IF(FD46>=27,"B-",IF(FD46>=20,"C+",IF(FD46>=18,"C-",IF(FD46>=15,"D+",IF(FD46>=13,"D-",IF(FD46>=11,"E+",IF(FD46>=0,"E-"))))))))))) | FD46: =IF(ET46="S",4,IF(ET46="F",3,IF(ET46="O",2,IF(ET46="N",1))))+IF(EU46="S",4,IF(EU46="F",3,IF(EU46="O",2,IF(EU46="N",1))))+IF(EV46="S",4,IF(EV46="F",3,IF(EV46="O",2,IF(EV46="N",1))))+IF(EW46="S",4,IF(EW46="F",3,IF(EW46="O",2,IF(EW46="N",1))))+IF(EX46="S",4,IF(EX46="F",3,IF(EX46="O",2,IF(EX46="N",1))))+IF(EY46="S",4,IF(EY46="F",3,IF(EY46="O",2,IF(EY46="N",1))))+IF(EZ46="S",4,IF(EZ46="F",3,IF(EZ46="O",2,IF(EZ46="N",1))))+IF(FA46="S",4,IF(FA46="F",3,IF(FA46="O",2,IF(FA46="N",1))))+IF(FB46="S",4,IF(FB46="F",3,IF(FB46="O",2,IF(FB46="N",1)))) -> 0 | FE46: =IF(FC46="","",FC46)
B47: 30 | C47: =IF(NOTAS!E50>"",NOTAS!E50,"") | Y47: =IFERROR(INT(FIXED(TRUNC(AVERAGE(G47:X47),2),0)),"") | AO47: =IFERROR(INT(FIXED(TRUNC(AVERAGE(Z47:AN47),2),0)),"") | BJ47: =IFERROR(INT(FIXED(TRUNC(AVERAGE(AP47:BI47),2),0)),"") | CG47: =IFERROR(INT(FIXED(TRUNC(AVERAGE(BK47:CF47),2),0)),"") | DC47: =IFERROR(INT(FIXED(TRUNC(AVERAGE(CH47:DB47),2),0)),"") | DO47: =IFERROR(INT(FIXED(TRUNC(AVERAGE(DD47:DN47),2),0)),"") | ER47: =IFERROR(INT(FIXED(TRUNC(AVERAGE(DP47:EQ47),2),0)),"") | ES47: =IF(OR(Y47="",AO47="",BJ47="",CG47="",DC47="",DO47=""),"",IFERROR(AVERAGE(Y47,AO47,BJ47,CG47,DC47,DO47),"")) | FC47: =IF(OR(ET47="",EU47="",EV47="",EW47="",EX47="",EY47="",EZ47="",FA47="",FB47=""),"",IF(FD47>=35,"A+",IF(FD47>=33,"A-",IF(FD47>=30,"B+",IF(FD47>=27,"B-",IF(FD47>=20,"C+",IF(FD47>=18,"C-",IF(FD47>=15,"D+",IF(FD47>=13,"D-",IF(FD47>=11,"E+",IF(FD47>=0,"E-"))))))))))) | FD47: =IF(ET47="S",4,IF(ET47="F",3,IF(ET47="O",2,IF(ET47="N",1))))+IF(EU47="S",4,IF(EU47="F",3,IF(EU47="O",2,IF(EU47="N",1))))+IF(EV47="S",4,IF(EV47="F",3,IF(EV47="O",2,IF(EV47="N",1))))+IF(EW47="S",4,IF(EW47="F",3,IF(EW47="O",2,IF(EW47="N",1))))+IF(EX47="S",4,IF(EX47="F",3,IF(EX47="O",2,IF(EX47="N",1))))+IF(EY47="S",4,IF(EY47="F",3,IF(EY47="O",2,IF(EY47="N",1))))+IF(EZ47="S",4,IF(EZ47="F",3,IF(EZ47="O",2,IF(EZ47="N",1))))+IF(FA47="S",4,IF(FA47="F",3,IF(FA47="O",2,IF(FA47="N",1))))+IF(FB47="S",4,IF(FB47="F",3,IF(FB47="O",2,IF(FB47="N",1)))) -> 0 | FE47: =IF(FC47="","",FC47)
B48: 31 | C48: =IF(NOTAS!E51>"",NOTAS!E51,"") | Y48: =IFERROR(INT(FIXED(TRUNC(AVERAGE(G48:X48),2),0)),"") | AO48: =IFERROR(INT(FIXED(TRUNC(AVERAGE(Z48:AN48),2),0)),"") | BJ48: =IFERROR(INT(FIXED(TRUNC(AVERAGE(AP48:BI48),2),0)),"") | CG48: =IFERROR(INT(FIXED(TRUNC(AVERAGE(BK48:CF48),2),0)),"") | DC48: =IFERROR(INT(FIXED(TRUNC(AVERAGE(CH48:DB48),2),0)),"") | DO48: =IFERROR(INT(FIXED(TRUNC(AVERAGE(DD48:DN48),2),0)),"") | ER48: =IFERROR(INT(FIXED(TRUNC(AVERAGE(DP48:EQ48),2),0)),"") | ES48: =IF(OR(Y48="",AO48="",BJ48="",CG48="",DC48="",DO48=""),"",IFERROR(AVERAGE(Y48,AO48,BJ48,CG48,DC48,DO48),"")) | FC48: =IF(OR(ET48="",EU48="",EV48="",EW48="",EX48="",EY48="",EZ48="",FA48="",FB48=""),"",IF(FD48>=35,"A+",IF(FD48>=33,"A-",IF(FD48>=30,"B+",IF(FD48>=27,"B-",IF(FD48>=20,"C+",IF(FD48>=18,"C-",IF(FD48>=15,"D+",IF(FD48>=13,"D-",IF(FD48>=11,"E+",IF(FD48>=0,"E-"))))))))))) | FD48: =IF(ET48="S",4,IF(ET48="F",3,IF(ET48="O",2,IF(ET48="N",1))))+IF(EU48="S",4,IF(EU48="F",3,IF(EU48="O",2,IF(EU48="N",1))))+IF(EV48="S",4,IF(EV48="F",3,IF(EV48="O",2,IF(EV48="N",1))))+IF(EW48="S",4,IF(EW48="F",3,IF(EW48="O",2,IF(EW48="N",1))))+IF(EX48="S",4,IF(EX48="F",3,IF(EX48="O",2,IF(EX48="N",1))))+IF(EY48="S",4,IF(EY48="F",3,IF(EY48="O",2,IF(EY48="N",1))))+IF(EZ48="S",4,IF(EZ48="F",3,IF(EZ48="O",2,IF(EZ48="N",1))))+IF(FA48="S",4,IF(FA48="F",3,IF(FA48="O",2,IF(FA48="N",1))))+IF(FB48="S",4,IF(FB48="F",3,IF(FB48="O",2,IF(FB48="N",1)))) -> 0 | FE48: =IF(FC48="","",FC48)
B49: 32 | C49: =IF(NOTAS!XBX52<>"",NOTAS!XBX52,"") | Y49: =IFERROR(INT(FIXED(TRUNC(AVERAGE(G49:X49),2),0)),"") | AO49: =IFERROR(INT(FIXED(TRUNC(AVERAGE(Z49:AN49),2),0)),"") | BJ49: =IFERROR(INT(FIXED(TRUNC(AVERAGE(AP49:BI49),2),0)),"") | CG49: =IFERROR(INT(FIXED(TRUNC(AVERAGE(BK49:CF49),2),0)),"") | DC49: =IFERROR(INT(FIXED(TRUNC(AVERAGE(CH49:DB49),2),0)),"") | DO49: =IFERROR(INT(FIXED(TRUNC(AVERAGE(DD49:DN49),2),0)),"") | ER49: =IFERROR(INT(FIXED(TRUNC(AVERAGE(DP49:EQ49),2),0)),"") | ES49: =IF(OR(Y49="",AO49="",BJ49="",CG49="",DC49="",DO49=""),"",IFERROR(AVERAGE(Y49,AO49,BJ49,CG49,DC49,DO49),"")) | FC49: =IF(OR(ET49="",EU49="",EV49="",EW49="",EX49="",EY49="",EZ49="",FA49="",FB49=""),"",IF(FD49>=35,"A+",IF(FD49>=33,"A-",IF(FD49>=30,"B+",IF(FD49>=27,"B-",IF(FD49>=20,"C+",IF(FD49>=18,"C-",IF(FD49>=15,"D+",IF(FD49>=13,"D-",IF(FD49>=11,"E+",IF(FD49>=0,"E-"))))))))))) | FD49: =IF(ET49="S",4,IF(ET49="F",3,IF(ET49="O",2,IF(ET49="N",1))))+IF(EU49="S",4,IF(EU49="F",3,IF(EU49="O",2,IF(EU49="N",1))))+IF(EV49="S",4,IF(EV49="F",3,IF(EV49="O",2,IF(EV49="N",1))))+IF(EW49="S",4,IF(EW49="F",3,IF(EW49="O",2,IF(EW49="N",1))))+IF(EX49="S",4,IF(EX49="F",3,IF(EX49="O",2,IF(EX49="N",1))))+IF(EY49="S",4,IF(EY49="F",3,IF(EY49="O",2,IF(EY49="N",1))))+IF(EZ49="S",4,IF(EZ49="F",3,IF(EZ49="O",2,IF(EZ49="N",1))))+IF(FA49="S",4,IF(FA49="F",3,IF(FA49="O",2,IF(FA49="N",1))))+IF(FB49="S",4,IF(FB49="F",3,IF(FB49="O",2,IF(FB49="N",1)))) -> 0 | FE49: =IF(FC49="","",FC49)
B50: 33 | C50: =IF(NOTAS!XBX53<>"",NOTAS!XBX53,"") | Y50: =IFERROR(INT(FIXED(TRUNC(AVERAGE(G50:X50),2),0)),"") | AO50: =IFERROR(INT(FIXED(TRUNC(AVERAGE(Z50:AN50),2),0)),"") | BJ50: =IFERROR(INT(FIXED(TRUNC(AVERAGE(AP50:BI50),2),0)),"") | CG50: =IFERROR(INT(FIXED(TRUNC(AVERAGE(BK50:CF50),2),0)),"") | DC50: =IFERROR(INT(FIXED(TRUNC(AVERAGE(CH50:DB50),2),0)),"") | DO50: =IFERROR(INT(FIXED(TRUNC(AVERAGE(DD50:DN50),2),0)),"") | ER50: =IFERROR(INT(FIXED(TRUNC(AVERAGE(DP50:EQ50),2),0)),"") | ES50: =IF(OR(Y50="",AO50="",BJ50="",CG50="",DC50="",DO50=""),"",IFERROR(AVERAGE(Y50,AO50,BJ50,CG50,DC50,DO50),"")) | FC50: =IF(OR(ET50="",EU50="",EV50="",EW50="",EX50="",EY50="",EZ50="",FA50="",FB50=""),"",IF(FD50>=35,"A+",IF(FD50>=33,"A-",IF(FD50>=30,"B+",IF(FD50>=27,"B-",IF(FD50>=20,"C+",IF(FD50>=18,"C-",IF(FD50>=15,"D+",IF(FD50>=13,"D-",IF(FD50>=11,"E+",IF(FD50>=0,"E-"))))))))))) | FD50: =IF(ET50="S",4,IF(ET50="F",3,IF(ET50="O",2,IF(ET50="N",1))))+IF(EU50="S",4,IF(EU50="F",3,IF(EU50="O",2,IF(EU50="N",1))))+IF(EV50="S",4,IF(EV50="F",3,IF(EV50="O",2,IF(EV50="N",1))))+IF(EW50="S",4,IF(EW50="F",3,IF(EW50="O",2,IF(EW50="N",1))))+IF(EX50="S",4,IF(EX50="F",3,IF(EX50="O",2,IF(EX50="N",1))))+IF(EY50="S",4,IF(EY50="F",3,IF(EY50="O",2,IF(EY50="N",1))))+IF(EZ50="S",4,IF(EZ50="F",3,IF(EZ50="O",2,IF(EZ50="N",1))))+IF(FA50="S",4,IF(FA50="F",3,IF(FA50="O",2,IF(FA50="N",1))))+IF(FB50="S",4,IF(FB50="F",3,IF(FB50="O",2,IF(FB50="N",1)))) -> 0 | FE50: =IF(FC50="","",FC50)
B51: 34 | C51: =IF(NOTAS!XBX54<>"",NOTAS!XBX54,"") | Y51: =IFERROR(INT(FIXED(TRUNC(AVERAGE(G51:X51),2),0)),"") | AO51: =IFERROR(INT(FIXED(TRUNC(AVERAGE(Z51:AN51),2),0)),"") | BJ51: =IFERROR(INT(FIXED(TRUNC(AVERAGE(AP51:BI51),2),0)),"") | CG51: =IFERROR(INT(FIXED(TRUNC(AVERAGE(BK51:CF51),2),0)),"") | DC51: =IFERROR(INT(FIXED(TRUNC(AVERAGE(CH51:DB51),2),0)),"") | DO51: =IFERROR(INT(FIXED(TRUNC(AVERAGE(DD51:DN51),2),0)),"") | ER51: =IFERROR(INT(FIXED(TRUNC(AVERAGE(DP51:EQ51),2),0)),"") | ES51: =IF(OR(Y51="",AO51="",BJ51="",CG51="",DC51="",DO51=""),"",IFERROR(AVERAGE(Y51,AO51,BJ51,CG51,DC51,DO51),"")) | FC51: =IF(OR(ET51="",EU51="",EV51="",EW51="",EX51="",EY51="",EZ51="",FA51="",FB51=""),"",IF(FD51>=35,"A+",IF(FD51>=33,"A-",IF(FD51>=30,"B+",IF(FD51>=27,"B-",IF(FD51>=20,"C+",IF(FD51>=18,"C-",IF(FD51>=15,"D+",IF(FD51>=13,"D-",IF(FD51>=11,"E+",IF(FD51>=0,"E-"))))))))))) | FD51: =IF(ET51="S",4,IF(ET51="F",3,IF(ET51="O",2,IF(ET51="N",1))))+IF(EU51="S",4,IF(EU51="F",3,IF(EU51="O",2,IF(EU51="N",1))))+IF(EV51="S",4,IF(EV51="F",3,IF(EV51="O",2,IF(EV51="N",1))))+IF(EW51="S",4,IF(EW51="F",3,IF(EW51="O",2,IF(EW51="N",1))))+IF(EX51="S",4,IF(EX51="F",3,IF(EX51="O",2,IF(EX51="N",1))))+IF(EY51="S",4,IF(EY51="F",3,IF(EY51="O",2,IF(EY51="N",1))))+IF(EZ51="S",4,IF(EZ51="F",3,IF(EZ51="O",2,IF(EZ51="N",1))))+IF(FA51="S",4,IF(FA51="F",3,IF(FA51="O",2,IF(FA51="N",1))))+IF(FB51="S",4,IF(FB51="F",3,IF(FB51="O",2,IF(FB51="N",1)))) -> 0 | FE51: =IF(FC51="","",FC51)
B52: 35 | C52: =IF(NOTAS!XBX55<>"",NOTAS!XBX55,"") | Y52: =IFERROR(INT(FIXED(TRUNC(AVERAGE(G52:X52),2),0)),"") | AO52: =IFERROR(INT(FIXED(TRUNC(AVERAGE(Z52:AN52),2),0)),"") | BJ52: =IFERROR(INT(FIXED(TRUNC(AVERAGE(AP52:BI52),2),0)),"") | CG52: =IFERROR(INT(FIXED(TRUNC(AVERAGE(BK52:CF52),2),0)),"") | DC52: =IFERROR(INT(FIXED(TRUNC(AVERAGE(CH52:DB52),2),0)),"") | DO52: =IFERROR(INT(FIXED(TRUNC(AVERAGE(DD52:DN52),2),0)),"") | ER52: =IFERROR(INT(FIXED(TRUNC(AVERAGE(DP52:EQ52),2),0)),"") | ES52: =IF(OR(Y52="",AO52="",BJ52="",CG52="",DC52="",DO52=""),"",IFERROR(AVERAGE(Y52,AO52,BJ52,CG52,DC52,DO52),"")) | FC52: =IF(OR(ET52="",EU52="",EV52="",EW52="",EX52="",EY52="",EZ52="",FA52="",FB52=""),"",IF(FD52>=35,"A+",IF(FD52>=33,"A-",IF(FD52>=30,"B+",IF(FD52>=27,"B-",IF(FD52>=20,"C+",IF(FD52>=18,"C-",IF(FD52>=15,"D+",IF(FD52>=13,"D-",IF(FD52>=11,"E+",IF(FD52>=0,"E-"))))))))))) | FD52: =IF(ET52="S",4,IF(ET52="F",3,IF(ET52="O",2,IF(ET52="N",1))))+IF(EU52="S",4,IF(EU52="F",3,IF(EU52="O",2,IF(EU52="N",1))))+IF(EV52="S",4,IF(EV52="F",3,IF(EV52="O",2,IF(EV52="N",1))))+IF(EW52="S",4,IF(EW52="F",3,IF(EW52="O",2,IF(EW52="N",1))))+IF(EX52="S",4,IF(EX52="F",3,IF(EX52="O",2,IF(EX52="N",1))))+IF(EY52="S",4,IF(EY52="F",3,IF(EY52="O",2,IF(EY52="N",1))))+IF(EZ52="S",4,IF(EZ52="F",3,IF(EZ52="O",2,IF(EZ52="N",1))))+IF(FA52="S",4,IF(FA52="F",3,IF(FA52="O",2,IF(FA52="N",1))))+IF(FB52="S",4,IF(FB52="F",3,IF(FB52="O",2,IF(FB52="N",1)))) -> 0 | FE52: =IF(FC52="","",FC52)
B53: 36 | C53: =IF(NOTAS!XBX56<>"",NOTAS!XBX56,"") | Y53: =IFERROR(INT(FIXED(TRUNC(AVERAGE(G53:X53),2),0)),"") | AO53: =IFERROR(INT(FIXED(TRUNC(AVERAGE(Z53:AN53),2),0)),"") | BJ53: =IFERROR(INT(FIXED(TRUNC(AVERAGE(AP53:BI53),2),0)),"") | CG53: =IFERROR(INT(FIXED(TRUNC(AVERAGE(BK53:CF53),2),0)),"") | DC53: =IFERROR(INT(FIXED(TRUNC(AVERAGE(CH53:DB53),2),0)),"") | DO53: =IFERROR(INT(FIXED(TRUNC(AVERAGE(DD53:DN53),2),0)),"") | ER53: =IFERROR(INT(FIXED(TRUNC(AVERAGE(DP53:EQ53),2),0)),"") | ES53: =IF(OR(Y53="",AO53="",BJ53="",CG53="",DC53="",DO53=""),"",IFERROR(AVERAGE(Y53,AO53,BJ53,CG53,DC53,DO53),"")) | FC53: =IF(OR(ET53="",EU53="",EV53="",EW53="",EX53="",EY53="",EZ53="",FA53="",FB53=""),"",IF(FD53>=35,"A+",IF(FD53>=33,"A-",IF(FD53>=30,"B+",IF(FD53>=27,"B-",IF(FD53>=20,"C+",IF(FD53>=18,"C-",IF(FD53>=15,"D+",IF(FD53>=13,"D-",IF(FD53>=11,"E+",IF(FD53>=0,"E-"))))))))))) | FD53: =IF(ET53="S",4,IF(ET53="F",3,IF(ET53="O",2,IF(ET53="N",1))))+IF(EU53="S",4,IF(EU53="F",3,IF(EU53="O",2,IF(EU53="N",1))))+IF(EV53="S",4,IF(EV53="F",3,IF(EV53="O",2,IF(EV53="N",1))))+IF(EW53="S",4,IF(EW53="F",3,IF(EW53="O",2,IF(EW53="N",1))))+IF(EX53="S",4,IF(EX53="F",3,IF(EX53="O",2,IF(EX53="N",1))))+IF(EY53="S",4,IF(EY53="F",3,IF(EY53="O",2,IF(EY53="N",1))))+IF(EZ53="S",4,IF(EZ53="F",3,IF(EZ53="O",2,IF(EZ53="N",1))))+IF(FA53="S",4,IF(FA53="F",3,IF(FA53="O",2,IF(FA53="N",1))))+IF(FB53="S",4,IF(FB53="F",3,IF(FB53="O",2,IF(FB53="N",1)))) -> 0 | FE53: =IF(FC53="","",FC53)
B54: 37 | C54: =IF(NOTAS!XBX57<>"",NOTAS!XBX57,"") | Y54: =IFERROR(INT(FIXED(TRUNC(AVERAGE(G54:X54),2),0)),"") | AO54: =IFERROR(INT(FIXED(TRUNC(AVERAGE(Z54:AN54),2),0)),"") | BJ54: =IFERROR(INT(FIXED(TRUNC(AVERAGE(AP54:BI54),2),0)),"") | CG54: =IFERROR(INT(FIXED(TRUNC(AVERAGE(BK54:CF54),2),0)),"") | DC54: =IFERROR(INT(FIXED(TRUNC(AVERAGE(CH54:DB54),2),0)),"") | ER54: =IFERROR(INT(FIXED(TRUNC(AVERAGE(DP54:EQ54),2),0)),"") | ES54: =IF(OR(Y54="",AO54="",BJ54="",CG54="",DC54="",DO54=""),"",IFERROR(AVERAGE(Y54,AO54,BJ54,CG54,DC54,DO54),"")) | FC54: =IF(OR(ET54="",EU54="",EV54="",EW54="",EX54="",EY54="",EZ54="",FA54="",FB54=""),"",IF(FD54>=35,"A+",IF(FD54>=33,"A-",IF(FD54>=30,"B+",IF(FD54>=27,"B-",IF(FD54>=20,"C+",IF(FD54>=18,"C-",IF(FD54>=15,"D+",IF(FD54>=13,"D-",IF(FD54>=11,"E+",IF(FD54>=0,"E-"))))))))))) | FD54: =IF(ET54="S",4,IF(ET54="F",3,IF(ET54="O",2,IF(ET54="N",1))))+IF(EU54="S",4,IF(EU54="F",3,IF(EU54="O",2,IF(EU54="N",1))))+IF(EV54="S",4,IF(EV54="F",3,IF(EV54="O",2,IF(EV54="N",1))))+IF(EW54="S",4,IF(EW54="F",3,IF(EW54="O",2,IF(EW54="N",1))))+IF(EX54="S",4,IF(EX54="F",3,IF(EX54="O",2,IF(EX54="N",1))))+IF(EY54="S",4,IF(EY54="F",3,IF(EY54="O",2,IF(EY54="N",1))))+IF(EZ54="S",4,IF(EZ54="F",3,IF(EZ54="O",2,IF(EZ54="N",1))))+IF(FA54="S",4,IF(FA54="F",3,IF(FA54="O",2,IF(FA54="N",1))))+IF(FB54="S",4,IF(FB54="F",3,IF(FB54="O",2,IF(FB54="N",1)))) -> 0
B55: 38 | C55: =IF(NOTAS!XBX58<>"",NOTAS!XBX58,"") | Y55: =IFERROR(INT(FIXED(TRUNC(AVERAGE(G55:X55),2),0)),"") | AO55: =IFERROR(INT(FIXED(TRUNC(AVERAGE(Z55:AN55),2),0)),"") | BJ55: =IFERROR(INT(FIXED(TRUNC(AVERAGE(AP55:BI55),2),0)),"") | CG55: =IFERROR(INT(FIXED(TRUNC(AVERAGE(BK55:CF55),2),0)),"") | DC55: =IFERROR(INT(FIXED(TRUNC(AVERAGE(CH55:DB55),2),0)),"") | ER55: =IFERROR(INT(FIXED(TRUNC(AVERAGE(DP55:EQ55),2),0)),"") | ES55: =IF(OR(Y55="",AO55="",BJ55="",CG55="",DC55="",DO55=""),"",IFERROR(AVERAGE(Y55,AO55,BJ55,CG55,DC55,DO55),"")) | FC55: =IF(OR(ET55="",EU55="",EV55="",EW55="",EX55="",EY55="",EZ55="",FA55="",FB55=""),"",IF(FD55>=35,"A+",IF(FD55>=33,"A-",IF(FD55>=30,"B+",IF(FD55>=27,"B-",IF(FD55>=20,"C+",IF(FD55>=18,"C-",IF(FD55>=15,"D+",IF(FD55>=13,"D-",IF(FD55>=11,"E+",IF(FD55>=0,"E-"))))))))))) | FD55: =IF(ET55="S",4,IF(ET55="F",3,IF(ET55="O",2,IF(ET55="N",1))))+IF(EU55="S",4,IF(EU55="F",3,IF(EU55="O",2,IF(EU55="N",1))))+IF(EV55="S",4,IF(EV55="F",3,IF(EV55="O",2,IF(EV55="N",1))))+IF(EW55="S",4,IF(EW55="F",3,IF(EW55="O",2,IF(EW55="N",1))))+IF(EX55="S",4,IF(EX55="F",3,IF(EX55="O",2,IF(EX55="N",1))))+IF(EY55="S",4,IF(EY55="F",3,IF(EY55="O",2,IF(EY55="N",1))))+IF(EZ55="S",4,IF(EZ55="F",3,IF(EZ55="O",2,IF(EZ55="N",1))))+IF(FA55="S",4,IF(FA55="F",3,IF(FA55="O",2,IF(FA55="N",1))))+IF(FB55="S",4,IF(FB55="F",3,IF(FB55="O",2,IF(FB55="N",1)))) -> 0
B56: 39 | C56: =IF(NOTAS!XBX59<>"",NOTAS!XBX59,"") | Y56: =IFERROR(INT(FIXED(TRUNC(AVERAGE(G56:X56),2),0)),"") | AO56: =IFERROR(INT(FIXED(TRUNC(AVERAGE(Z56:AN56),2),0)),"") | BJ56: =IFERROR(INT(FIXED(TRUNC(AVERAGE(AP56:BI56),2),0)),"") | CG56: =IFERROR(INT(FIXED(TRUNC(AVERAGE(BK56:CF56),2),0)),"") | DC56: =IFERROR(INT(FIXED(TRUNC(AVERAGE(CH56:DB56),2),0)),"") | ER56: =IFERROR(INT(FIXED(TRUNC(AVERAGE(DP56:EQ56),2),0)),"") | ES56: =IF(OR(Y56="",AO56="",BJ56="",CG56="",DC56="",DO56=""),"",IFERROR(AVERAGE(Y56,AO56,BJ56,CG56,DC56,DO56),"")) | FC56: =IF(OR(ET56="",EU56="",EV56="",EW56="",EX56="",EY56="",EZ56="",FA56="",FB56=""),"",IF(FD56>=35,"A+",IF(FD56>=33,"A-",IF(FD56>=30,"B+",IF(FD56>=27,"B-",IF(FD56>=20,"C+",IF(FD56>=18,"C-",IF(FD56>=15,"D+",IF(FD56>=13,"D-",IF(FD56>=11,"E+",IF(FD56>=0,"E-"))))))))))) | FD56: =IF(ET56="S",4,IF(ET56="F",3,IF(ET56="O",2,IF(ET56="N",1))))+IF(EU56="S",4,IF(EU56="F",3,IF(EU56="O",2,IF(EU56="N",1))))+IF(EV56="S",4,IF(EV56="F",3,IF(EV56="O",2,IF(EV56="N",1))))+IF(EW56="S",4,IF(EW56="F",3,IF(EW56="O",2,IF(EW56="N",1))))+IF(EX56="S",4,IF(EX56="F",3,IF(EX56="O",2,IF(EX56="N",1))))+IF(EY56="S",4,IF(EY56="F",3,IF(EY56="O",2,IF(EY56="N",1))))+IF(EZ56="S",4,IF(EZ56="F",3,IF(EZ56="O",2,IF(EZ56="N",1))))+IF(FA56="S",4,IF(FA56="F",3,IF(FA56="O",2,IF(FA56="N",1))))+IF(FB56="S",4,IF(FB56="F",3,IF(FB56="O",2,IF(FB56="N",1)))) -> 0
B57: 40 | C57: =IF(NOTAS!XBX60<>"",NOTAS!XBX60,"") | Y57: =IFERROR(INT(FIXED(TRUNC(AVERAGE(G57:X57),2),0)),"") | AO57: =IFERROR(INT(FIXED(TRUNC(AVERAGE(Z57:AN57),2),0)),"") | BJ57: =IFERROR(INT(FIXED(TRUNC(AVERAGE(AP57:BI57),2),0)),"") | CG57: =IFERROR(INT(FIXED(TRUNC(AVERAGE(BK57:CF57),2),0)),"") | DC57: =IFERROR(INT(FIXED(TRUNC(AVERAGE(CH57:DB57),2),0)),"") | ER57: =IFERROR(INT(FIXED(TRUNC(AVERAGE(DP57:EQ57),2),0)),"") | ES57: =IF(OR(Y57="",AO57="",BJ57="",CG57="",DC57="",DO57=""),"",IFERROR(AVERAGE(Y57,AO57,BJ57,CG57,DC57,DO57),"")) | FC57: =IF(OR(ET57="",EU57="",EV57="",EW57="",EX57="",EY57="",EZ57="",FA57="",FB57=""),"",IF(FD57>=35,"A+",IF(FD57>=33,"A-",IF(FD57>=30,"B+",IF(FD57>=27,"B-",IF(FD57>=20,"C+",IF(FD57>=18,"C-",IF(FD57>=15,"D+",IF(FD57>=13,"D-",IF(FD57>=11,"E+",IF(FD57>=0,"E-"))))))))))) | FD57: =IF(ET57="S",4,IF(ET57="F",3,IF(ET57="O",2,IF(ET57="N",1))))+IF(EU57="S",4,IF(EU57="F",3,IF(EU57="O",2,IF(EU57="N",1))))+IF(EV57="S",4,IF(EV57="F",3,IF(EV57="O",2,IF(EV57="N",1))))+IF(EW57="S",4,IF(EW57="F",3,IF(EW57="O",2,IF(EW57="N",1))))+IF(EX57="S",4,IF(EX57="F",3,IF(EX57="O",2,IF(EX57="N",1))))+IF(EY57="S",4,IF(EY57="F",3,IF(EY57="O",2,IF(EY57="N",1))))+IF(EZ57="S",4,IF(EZ57="F",3,IF(EZ57="O",2,IF(EZ57="N",1))))+IF(FA57="S",4,IF(FA57="F",3,IF(FA57="O",2,IF(FA57="N",1))))+IF(FB57="S",4,IF(FB57="F",3,IF(FB57="O",2,IF(FB57="N",1)))) -> 0
B58: 41 | C58: =IF(NOTAS!XBX61<>"",NOTAS!XBX61,"") | Y58: =IFERROR(INT(FIXED(TRUNC(AVERAGE(G58:X58),2),0)),"") | AO58: =IFERROR(INT(FIXED(TRUNC(AVERAGE(Z58:AN58),2),0)),"") | BJ58: =IFERROR(INT(FIXED(TRUNC(AVERAGE(AP58:BI58),2),0)),"") | CG58: =IFERROR(INT(FIXED(TRUNC(AVERAGE(BK58:CF58),2),0)),"") | DC58: =IFERROR(INT(FIXED(TRUNC(AVERAGE(CH58:DB58),2),0)),"") | ER58: =IFERROR(INT(FIXED(TRUNC(AVERAGE(DP58:EQ58),2),0)),"") | ES58: =IF(OR(Y58="",AO58="",BJ58="",CG58="",DC58="",DO58=""),"",IFERROR(AVERAGE(Y58,AO58,BJ58,CG58,DC58,DO58),"")) | FC58: =IF(OR(ET58="",EU58="",EV58="",EW58="",EX58="",EY58="",EZ58="",FA58="",FB58=""),"",IF(FD58>=35,"A+",IF(FD58>=33,"A-",IF(FD58>=30,"B+",IF(FD58>=27,"B-",IF(FD58>=20,"C+",IF(FD58>=18,"C-",IF(FD58>=15,"D+",IF(FD58>=13,"D-",IF(FD58>=11,"E+",IF(FD58>=0,"E-"))))))))))) | FD58: =IF(ET58="S",4,IF(ET58="F",3,IF(ET58="O",2,IF(ET58="N",1))))+IF(EU58="S",4,IF(EU58="F",3,IF(EU58="O",2,IF(EU58="N",1))))+IF(EV58="S",4,IF(EV58="F",3,IF(EV58="O",2,IF(EV58="N",1))))+IF(EW58="S",4,IF(EW58="F",3,IF(EW58="O",2,IF(EW58="N",1))))+IF(EX58="S",4,IF(EX58="F",3,IF(EX58="O",2,IF(EX58="N",1))))+IF(EY58="S",4,IF(EY58="F",3,IF(EY58="O",2,IF(EY58="N",1))))+IF(EZ58="S",4,IF(EZ58="F",3,IF(EZ58="O",2,IF(EZ58="N",1))))+IF(FA58="S",4,IF(FA58="F",3,IF(FA58="O",2,IF(FA58="N",1))))+IF(FB58="S",4,IF(FB58="F",3,IF(FB58="O",2,IF(FB58="N",1)))) -> 0
B59: 42 | C59: =IF(NOTAS!XBX62<>"",NOTAS!XBX62,"") | Y59: =IFERROR(INT(FIXED(TRUNC(AVERAGE(G59:X59),2),0)),"") | AO59: =IFERROR(INT(FIXED(TRUNC(AVERAGE(Z59:AN59),2),0)),"") | BJ59: =IFERROR(INT(FIXED(TRUNC(AVERAGE(AP59:BI59),2),0)),"") | CG59: =IFERROR(INT(FIXED(TRUNC(AVERAGE(BK59:CF59),2),0)),"") | DC59: =IFERROR(INT(FIXED(TRUNC(AVERAGE(CH59:DB59),2),0)),"") | ER59: =IFERROR(INT(FIXED(TRUNC(AVERAGE(DP59:EQ59),2),0)),"") | ES59: =IF(OR(Y59="",AO59="",BJ59="",CG59="",DC59="",DO59=""),"",IFERROR(AVERAGE(Y59,AO59,BJ59,CG59,DC59,DO59),"")) | FC59: =IF(OR(ET59="",EU59="",EV59="",EW59="",EX59="",EY59="",EZ59="",FA59="",FB59=""),"",IF(FD59>=35,"A+",IF(FD59>=33,"A-",IF(FD59>=30,"B+",IF(FD59>=27,"B-",IF(FD59>=20,"C+",IF(FD59>=18,"C-",IF(FD59>=15,"D+",IF(FD59>=13,"D-",IF(FD59>=11,"E+",IF(FD59>=0,"E-"))))))))))) | FD59: =IF(ET59="S",4,IF(ET59="F",3,IF(ET59="O",2,IF(ET59="N",1))))+IF(EU59="S",4,IF(EU59="F",3,IF(EU59="O",2,IF(EU59="N",1))))+IF(EV59="S",4,IF(EV59="F",3,IF(EV59="O",2,IF(EV59="N",1))))+IF(EW59="S",4,IF(EW59="F",3,IF(EW59="O",2,IF(EW59="N",1))))+IF(EX59="S",4,IF(EX59="F",3,IF(EX59="O",2,IF(EX59="N",1))))+IF(EY59="S",4,IF(EY59="F",3,IF(EY59="O",2,IF(EY59="N",1))))+IF(EZ59="S",4,IF(EZ59="F",3,IF(EZ59="O",2,IF(EZ59="N",1))))+IF(FA59="S",4,IF(FA59="F",3,IF(FA59="O",2,IF(FA59="N",1))))+IF(FB59="S",4,IF(FB59="F",3,IF(FB59="O",2,IF(FB59="N",1)))) -> 0
B60: 43 | C60: =IF(NOTAS!XBX63<>"",NOTAS!XBX63,"") | Y60: =IFERROR(INT(FIXED(TRUNC(AVERAGE(G60:X60),2),0)),"") | AO60: =IFERROR(INT(FIXED(TRUNC(AVERAGE(Z60:AN60),2),0)),"") | BJ60: =IFERROR(INT(FIXED(TRUNC(AVERAGE(AP60:BI60),2),0)),"") | CG60: =IFERROR(INT(FIXED(TRUNC(AVERAGE(BK60:CF60),2),0)),"") | DC60: =IFERROR(INT(FIXED(TRUNC(AVERAGE(CH60:DB60),2),0)),"") | ER60: =IFERROR(INT(FIXED(TRUNC(AVERAGE(DP60:EQ60),2),0)),"") | ES60: =IF(OR(Y60="",AO60="",BJ60="",CG60="",DC60="",DO60=""),"",IFERROR(AVERAGE(Y60,AO60,BJ60,CG60,DC60,DO60),"")) | FC60: =IF(OR(ET60="",EU60="",EV60="",EW60="",EX60="",EY60="",EZ60="",FA60="",FB60=""),"",IF(FD60>=35,"A+",IF(FD60>=33,"A-",IF(FD60>=30,"B+",IF(FD60>=27,"B-",IF(FD60>=20,"C+",IF(FD60>=18,"C-",IF(FD60>=15,"D+",IF(FD60>=13,"D-",IF(FD60>=11,"E+",IF(FD60>=0,"E-"))))))))))) | FD60: =IF(ET60="S",4,IF(ET60="F",3,IF(ET60="O",2,IF(ET60="N",1))))+IF(EU60="S",4,IF(EU60="F",3,IF(EU60="O",2,IF(EU60="N",1))))+IF(EV60="S",4,IF(EV60="F",3,IF(EV60="O",2,IF(EV60="N",1))))+IF(EW60="S",4,IF(EW60="F",3,IF(EW60="O",2,IF(EW60="N",1))))+IF(EX60="S",4,IF(EX60="F",3,IF(EX60="O",2,IF(EX60="N",1))))+IF(EY60="S",4,IF(EY60="F",3,IF(EY60="O",2,IF(EY60="N",1))))+IF(EZ60="S",4,IF(EZ60="F",3,IF(EZ60="O",2,IF(EZ60="N",1))))+IF(FA60="S",4,IF(FA60="F",3,IF(FA60="O",2,IF(FA60="N",1))))+IF(FB60="S",4,IF(FB60="F",3,IF(FB60="O",2,IF(FB60="N",1)))) -> 0
B61: 44 | C61: =IF(NOTAS!XBX64<>"",NOTAS!XBX64,"") | Y61: =IFERROR(INT(FIXED(TRUNC(AVERAGE(G61:X61),2),0)),"") | AO61: =IFERROR(INT(FIXED(TRUNC(AVERAGE(Z61:AN61),2),0)),"") | BJ61: =IFERROR(INT(FIXED(TRUNC(AVERAGE(AP61:BI61),2),0)),"") | CG61: =IFERROR(INT(FIXED(TRUNC(AVERAGE(BK61:CF61),2),0)),"") | DC61: =IFERROR(INT(FIXED(TRUNC(AVERAGE(CH61:DB61),2),0)),"") | ER61: =IFERROR(INT(FIXED(TRUNC(AVERAGE(DP61:EQ61),2),0)),"") | ES61: =IF(OR(Y61="",AO61="",BJ61="",CG61="",DC61="",DO61=""),"",IFERROR(AVERAGE(Y61,AO61,BJ61,CG61,DC61,DO61),"")) | FC61: =IF(OR(ET61="",EU61="",EV61="",EW61="",EX61="",EY61="",EZ61="",FA61="",FB61=""),"",IF(FD61>=35,"A+",IF(FD61>=33,"A-",IF(FD61>=30,"B+",IF(FD61>=27,"B-",IF(FD61>=20,"C+",IF(FD61>=18,"C-",IF(FD61>=15,"D+",IF(FD61>=13,"D-",IF(FD61>=11,"E+",IF(FD61>=0,"E-"))))))))))) | FD61: =IF(ET61="S",4,IF(ET61="F",3,IF(ET61="O",2,IF(ET61="N",1))))+IF(EU61="S",4,IF(EU61="F",3,IF(EU61="O",2,IF(EU61="N",1))))+IF(EV61="S",4,IF(EV61="F",3,IF(EV61="O",2,IF(EV61="N",1))))+IF(EW61="S",4,IF(EW61="F",3,IF(EW61="O",2,IF(EW61="N",1))))+IF(EX61="S",4,IF(EX61="F",3,IF(EX61="O",2,IF(EX61="N",1))))+IF(EY61="S",4,IF(EY61="F",3,IF(EY61="O",2,IF(EY61="N",1))))+IF(EZ61="S",4,IF(EZ61="F",3,IF(EZ61="O",2,IF(EZ61="N",1))))+IF(FA61="S",4,IF(FA61="F",3,IF(FA61="O",2,IF(FA61="N",1))))+IF(FB61="S",4,IF(FB61="F",3,IF(FB61="O",2,IF(FB61="N",1)))) -> 0
B63: ________________________
B64: =NOTAS!B24 -> CUZCO GUERRERO JENNY DEL PILAR
B65: Docente

Sheet TRI-3
B1: UNIDAD EDUCATIVA " "
B3: INFORME DEL TERCER TRIMESTRE DE APRENDIZAJE
FC4: S
FC5: F
B6: 1 | C6: GRADO O CURSO: | D6: =NOTAS!B14 -> INICIAL II | O6: 3 | P6: AÑO LECTIVO: | Q6: =NOTAS!B18 -> 2025-2026 MATUTINA | FC6: O
B7: 2 | C7: DOCENTE: | D7: =NOTAS!B24 -> CUZCO GUERRERO JENNY DEL PILAR | O7: 4 | P7: FECHA: | Q7: =TODAY() -> 45994 | FC7: N
B10: Nº | C10: NÓMINA | G10: IDENTIDAD Y AUTONOMÍA | Z10: CONVIVENCIA | AP10: RELACIONES CON EL MEDIO NATURAL Y CULTURAL | BK10: RELACIONES LOGICAS MATEMATICAS | CH10: COMPRENSIÓN Y EXPRESION DEL LENGUAJE | DD10: EXPRESIÓN ARTISTICA | DP10: EXPRESION CORPORAL Y MOTRICIDAD | ES10: PROMEDIO GENERAL | ET10: CÍVICA Y ACOMPAÑAMIENTO INTEGRAL EN EL AULA | FC10: PROMEDIO FINAL CIVICA Y ACOMPAÑMIENTO INTEGRAL EN EL AULA | FE10: III TRIMESTRE
Y11: PROMEDIO | AO11: PROMEDIO | BJ11: PROMEDIO | CG11: PROMEDIO | DC11: PROMEDIO
